-- MySQL dump 10.13  Distrib 8.1.0, for macos14.0 (arm64)
--
-- Host: 127.0.0.1    Database: rrmp
-- ------------------------------------------------------
-- Server version	8.3.0

/*!40101 SET @OLD_CHARACTER_SET_CLIENT=@@CHARACTER_SET_CLIENT */;
/*!40101 SET @OLD_CHARACTER_SET_RESULTS=@@CHARACTER_SET_RESULTS */;
/*!40101 SET @OLD_COLLATION_CONNECTION=@@COLLATION_CONNECTION */;
/*!50503 SET NAMES utf8mb4 */;
/*!40103 SET @OLD_TIME_ZONE=@@TIME_ZONE */;
/*!40103 SET TIME_ZONE='+00:00' */;
/*!40014 SET @OLD_UNIQUE_CHECKS=@@UNIQUE_CHECKS, UNIQUE_CHECKS=0 */;
/*!40014 SET @OLD_FOREIGN_KEY_CHECKS=@@FOREIGN_KEY_CHECKS, FOREIGN_KEY_CHECKS=0 */;
/*!40101 SET @OLD_SQL_MODE=@@SQL_MODE, SQL_MODE='NO_AUTO_VALUE_ON_ZERO' */;
/*!40111 SET @OLD_SQL_NOTES=@@SQL_NOTES, SQL_NOTES=0 */;

--
-- Current Database: `rrmp`
--

CREATE DATABASE /*!32312 IF NOT EXISTS*/ `rrmp` /*!40100 DEFAULT CHARACTER SET utf8mb4 COLLATE utf8mb4_0900_ai_ci */ /*!80016 DEFAULT ENCRYPTION='N' */;

USE `rrmp`;

--
-- Table structure for table `Admin`
--

DROP TABLE IF EXISTS `Admin`;
/*!40101 SET @saved_cs_client     = @@character_set_client */;
/*!50503 SET character_set_client = utf8mb4 */;
CREATE TABLE `Admin` (
  `admin_id` int NOT NULL AUTO_INCREMENT,
  `admin_name` varchar(255) DEFAULT NULL,
  `admin_email` varchar(255) DEFAULT NULL,
  `admin_password` varchar(255) DEFAULT NULL,
  PRIMARY KEY (`admin_id`)
) ENGINE=InnoDB AUTO_INCREMENT=2 DEFAULT CHARSET=utf8mb4 COLLATE=utf8mb4_0900_ai_ci;
/*!40101 SET character_set_client = @saved_cs_client */;

--
-- Dumping data for table `Admin`
--

LOCK TABLES `Admin` WRITE;
/*!40000 ALTER TABLE `Admin` DISABLE KEYS */;
INSERT INTO `Admin` VALUES (1,'Sitaraman','sitaraman.s@gmail.com','Ask@12345');
/*!40000 ALTER TABLE `Admin` ENABLE KEYS */;
UNLOCK TABLES;

--
-- Table structure for table `Passenger`
--

DROP TABLE IF EXISTS `Passenger`;
/*!40101 SET @saved_cs_client     = @@character_set_client */;
/*!50503 SET character_set_client = utf8mb4 */;
CREATE TABLE `Passenger` (
  `passenger_id` int NOT NULL AUTO_INCREMENT,
  `passenger_name` varchar(255) DEFAULT NULL,
  `passenger_email` varchar(255) DEFAULT NULL,
  `passenger_sex` enum('Male','Female','Other') DEFAULT NULL,
  `passenger_phone` varchar(20) DEFAULT NULL,
  `passenger_dob` date DEFAULT NULL,
  `password` varchar(255) DEFAULT NULL,
  PRIMARY KEY (`passenger_id`)
) ENGINE=InnoDB AUTO_INCREMENT=3 DEFAULT CHARSET=utf8mb4 COLLATE=utf8mb4_0900_ai_ci;
/*!40101 SET character_set_client = @saved_cs_client */;

--
-- Dumping data for table `Passenger`
--

LOCK TABLES `Passenger` WRITE;
/*!40000 ALTER TABLE `Passenger` DISABLE KEYS */;
INSERT INTO `Passenger` VALUES (1,'Sitaraman','sitaraman@bugbase.in','Male','9999999999','1995-10-19','$2b$10$4GOrX5qdQP/A3A6/RHKiO.ABRUCaPNPUrybarpmKtg88RXVAy8oee'),(2,'Pratham','pratham@railez.com','Male','9810705237','2006-04-04','$2b$10$mYzXFke5qjoFUBlA4A99POrElUU9H0693PrggU/Fkh1JMk2zyPpCO');
/*!40000 ALTER TABLE `Passenger` ENABLE KEYS */;
UNLOCK TABLES;

--
-- Table structure for table `Payment`
--

DROP TABLE IF EXISTS `Payment`;
/*!40101 SET @saved_cs_client     = @@character_set_client */;
/*!50503 SET character_set_client = utf8mb4 */;
CREATE TABLE `Payment` (
  `payment_id` varchar(40) NOT NULL,
  `status` enum('Pending','Completed','Failed') DEFAULT NULL,
  `price` decimal(10,2) DEFAULT NULL,
  `created_at` timestamp NULL DEFAULT CURRENT_TIMESTAMP,
  PRIMARY KEY (`payment_id`)
) ENGINE=InnoDB DEFAULT CHARSET=utf8mb4 COLLATE=utf8mb4_0900_ai_ci;
/*!40101 SET character_set_client = @saved_cs_client */;

--
-- Dumping data for table `Payment`
--

LOCK TABLES `Payment` WRITE;
/*!40000 ALTER TABLE `Payment` DISABLE KEYS */;
INSERT INTO `Payment` VALUES ('order_O2I4imJyhAVcCM','Pending',4600.00,'2024-04-24 02:13:34'),('order_O2I6Cr7va345mz','Pending',4600.00,'2024-04-24 02:14:59'),('order_O2I8FkLvL0hI8W','Pending',1400.00,'2024-04-24 02:16:55'),('order_O2Ia60a4lxRyHG','Completed',1200.00,'2024-04-24 02:43:16'),('order_O2If5XFProvj1O','Completed',3000.00,'2024-04-24 02:48:00'),('order_O2IUq9rVQUhtXp','Pending',1900.00,'2024-04-24 02:38:18'),('order_O2IXOWqxtci8aa','Pending',1900.00,'2024-04-24 02:40:43'),('order_O2JghfLhzBORlz','Completed',2100.00,'2024-04-24 03:48:13'),('order_O2K1uirabxrYVX','Completed',1400.00,'2024-04-24 04:08:18');
/*!40000 ALTER TABLE `Payment` ENABLE KEYS */;
UNLOCK TABLES;

--
-- Table structure for table `Schedule`
--

DROP TABLE IF EXISTS `Schedule`;
/*!40101 SET @saved_cs_client     = @@character_set_client */;
/*!50503 SET character_set_client = utf8mb4 */;
CREATE TABLE `Schedule` (
  `train_id` int NOT NULL,
  `station_id` varchar(20) NOT NULL,
  `from_station_id` varchar(20) NOT NULL,
  `to_station_id` varchar(20) NOT NULL,
  `platform` varchar(50) DEFAULT NULL,
  `arrival_time` time DEFAULT NULL,
  `departure_time` time DEFAULT NULL,
  PRIMARY KEY (`train_id`,`station_id`,`from_station_id`,`to_station_id`),
  KEY `station_id` (`station_id`),
  CONSTRAINT `Schedule_ibfk_1` FOREIGN KEY (`train_id`) REFERENCES `Train` (`train_id`),
  CONSTRAINT `Schedule_ibfk_2` FOREIGN KEY (`station_id`) REFERENCES `Station` (`station_id`)
) ENGINE=InnoDB DEFAULT CHARSET=utf8mb4 COLLATE=utf8mb4_0900_ai_ci;
/*!40101 SET character_set_client = @saved_cs_client */;

--
-- Dumping data for table `Schedule`
--

LOCK TABLES `Schedule` WRITE;
/*!40000 ALTER TABLE `Schedule` DISABLE KEYS */;
INSERT INTO `Schedule` VALUES (1463,'MAO','MAO','UD',NULL,'02:10:00','06:12:00'),(1464,'UD','UD','MAO',NULL,'05:42:00','09:20:00'),(1492,'NZM','NZM','BSR',NULL,'22:10:00','19:55:00'),(1906,'ADI','ADI','CNB',NULL,'14:10:00','11:55:00'),(2197,'UD','UD','MAO',NULL,'03:02:00','06:40:00'),(2198,'MAO','MAO','UD',NULL,'00:25:00','04:16:00'),(2352,'ANVT','ANVT','DDU',NULL,'08:20:00','18:10:00'),(2392,'ANVT','ANVT','DDU',NULL,'23:20:00','13:15:00'),(2526,'ANVT','ANVT','DDU',NULL,'17:20:00','04:42:00'),(3228,'ANVT','ANVT','DDU',NULL,'09:30:00','23:20:00'),(3242,'SMVB','SMVB','PER',NULL,'23:25:00','05:20:00'),(3246,'SMVB','SMVB','PER',NULL,'23:25:00','05:20:00'),(3248,'SMVB','SMVB','PER',NULL,'23:25:00','05:20:00'),(3252,'SMVB','SMVB','PER',NULL,'23:25:00','05:20:00'),(3256,'ANVT','ANVT','DDU',NULL,'23:20:00','13:15:00'),(3258,'ANVT','ANVT','DDU',NULL,'05:00:00','17:10:00'),(3260,'SMVB','SMVB','PER',NULL,'23:25:00','05:20:00'),(3414,'NDLS','NDLS','DDU',NULL,'10:30:00','20:20:00'),(3436,'ANVT','ANVT','DDU',NULL,'15:45:00','08:50:00'),(3484,'NDLS','NDLS','DDU',NULL,'10:30:00','20:20:00'),(3576,'ANVT','ANVT','DDU',NULL,'10:15:00','02:25:00'),(3636,'ANVT','ANVT','DDU',NULL,'08:40:00','18:25:00'),(4060,'ANVT','ANVT','BSB',NULL,'10:30:00','01:40:00'),(4074,'NZM','NZM','CSMT',NULL,'12:20:00','14:45:00'),(4080,'DLI','DLI','BSB',NULL,'19:30:00','09:45:00'),(4094,'ANVT','ANVT','DDU',NULL,'23:55:00','13:20:00'),(4132,'SMVB','SMVB','PER',NULL,'07:10:00','13:35:00'),(4166,'ADI','ADI','AGC',NULL,'14:10:00','06:10:00'),(4168,'ADI','ADI','AGC',NULL,'14:10:00','06:30:00'),(4651,'DLI','DLI','ASR',NULL,'07:25:00','14:45:00'),(4809,'ADI','ADI','BSR',NULL,'13:50:00','22:15:00'),(4809,'ADI','ADI','SMVB',NULL,'13:50:00','23:30:00'),(4810,'ADI','ADI','BGKT',NULL,'03:20:00','12:40:00'),(4811,'ADI','ADI','CBE',NULL,'07:20:00','09:30:00'),(4812,'ADI','ADI','BGKT',NULL,'01:00:00','11:30:00'),(5951,'SMVB','SMVB','PER',NULL,'00:30:00','06:20:00'),(6098,'ADI','ADI','MAS',NULL,'08:00:00','17:00:00'),(6181,'ADI','ADI','BGKT',NULL,'01:00:00','11:30:00'),(6182,'ADI','ADI','CBE',NULL,'07:20:00','09:30:00'),(6220,'ADI','ADI','KYN',NULL,'06:45:00','15:30:00'),(6220,'ADI','ADI','SMVB',NULL,'06:45:00','14:45:00'),(6509,'SBC','SBC','MAS',NULL,'07:50:00','14:15:00'),(6547,'YPR','YPR','UD',NULL,'23:20:00','10:08:00'),(6601,'MAO','MAO','UD',NULL,'14:10:00','18:30:00'),(6602,'UD','UD','MAO',NULL,'07:32:00','13:35:00'),(7029,'VSKP','VSKP','SC',NULL,'03:15:00','16:15:00'),(7031,'SC','SC','NZM',NULL,'20:45:00','02:00:00'),(7047,'VSKP','VSKP','SC',NULL,'02:20:00','16:30:00'),(7053,'ADI','ADI','LGH',NULL,'23:20:00','13:35:00'),(7054,'ADI','ADI','KCG',NULL,'08:55:00','09:40:00'),(7166,'DVD','DVD','SC',NULL,'07:37:00','19:45:00'),(7222,'DVD','DVD','SC',NULL,'03:22:00','15:00:00'),(7224,'DVD','DVD','SC',NULL,'02:05:00','14:45:00'),(7226,'DVD','DVD','SC',NULL,'01:30:00','13:00:00'),(7312,'ADI','ADI','UBL',NULL,'21:25:00','19:45:00'),(8480,'NDLS','NDLS','DDU',NULL,'21:30:00','10:15:00'),(8579,'VSKP','VSKP','SC',NULL,'19:00:00','09:05:00'),(8585,'VSKP','VSKP','KCG',NULL,'17:35:00','08:00:00'),(9057,'MAO','MAO','UD',NULL,'10:40:00','15:00:00'),(9058,'UD','UD','MAO',NULL,'23:47:00','04:15:00'),(9098,'DSJ','DSJ','BDTS',NULL,'10:20:00','10:10:00'),(9207,'ADI','ADI','BVC',NULL,'18:30:00','23:45:00'),(9208,'ADI','ADI','BDTS',NULL,'21:25:00','06:00:00'),(9274,'ADI','ADI','ANND',NULL,'23:55:00','01:50:00'),(9275,'ADI','ADI','GNC',NULL,'19:45:00','21:00:00'),(9276,'ADI','ADI','ANND',NULL,'09:00:00','10:50:00'),(9312,'ADI','ADI','BRC',NULL,'17:00:00','20:05:00'),(9316,'ADI','ADI','BRC',NULL,'05:20:00','08:35:00'),(9328,'ADI','ADI','BRC',NULL,'08:25:00','11:15:00'),(9400,'ADI','ADI','ANND',NULL,'18:20:00','20:25:00'),(9405,'SBIB','SBIB','BSB',NULL,'18:10:00','20:55:00'),(9405,'SBIB','SBIB','CNB',NULL,'18:10:00','14:05:00'),(9409,'ADI','ADI','EKNR',NULL,'06:10:00','09:50:00'),(9415,'ADI','ADI','GIMB',NULL,'03:35:00','08:40:00'),(9416,'ADI','ADI','BDTS',NULL,'06:20:00','14:20:00'),(9417,'ADI','ADI','BSB',NULL,'09:10:00','15:35:00'),(9417,'ADI','ADI','CNB',NULL,'09:10:00','07:10:00'),(9417,'ADI','ADI','DNR',NULL,'09:10:00','20:30:00'),(9419,'ADI','ADI','BSR',NULL,'09:30:00','16:00:00'),(9419,'ADI','ADI','MS',NULL,'09:30:00','16:05:00'),(9419,'ADI','ADI','TPJ',NULL,'09:30:00','03:45:00'),(9419,'BSR','BSR','MS',NULL,'16:05:00','16:05:00'),(9421,'ADI','ADI','DDU',NULL,'21:40:00','22:35:00'),(9421,'ADI','ADI','DNR',NULL,'21:40:00','02:30:00'),(9447,'ADI','ADI','CNB',NULL,'19:25:00','15:20:00'),(9447,'ADI','ADI','DDU',NULL,'19:25:00','21:20:00'),(9447,'ADI','ADI','PNBE',NULL,'19:25:00','00:30:00'),(9451,'ADI','ADI','BGP',NULL,'23:25:00','20:15:00'),(9451,'ADI','ADI','CNB',NULL,'23:25:00','23:10:00'),(9452,'ADI','ADI','GIMB',NULL,'02:40:00','08:00:00'),(9459,'ADI','ADI','VG',NULL,'18:30:00','20:10:00'),(9465,'ADI','ADI','CNB',NULL,'20:25:00','16:35:00'),(9465,'ADI','ADI','DBG',NULL,'20:25:00','10:30:00'),(9489,'SBIB','SBIB','CNB',NULL,'23:30:00','19:30:00'),(9493,'ADI','ADI','DDU',NULL,'16:35:00','19:10:00'),(9493,'ADI','ADI','PNBE',NULL,'16:35:00','22:45:00'),(9496,'ADI','ADI','BRC',NULL,'15:45:00','17:55:00'),(9519,'ADI','ADI','OKHA',NULL,'00:10:00','10:20:00'),(9520,'ADI','ADI','MDU',NULL,'07:30:00','11:45:00'),(9525,'ADI','ADI','BSB',NULL,'06:40:00','11:10:00'),(9525,'ADI','ADI','GOY',NULL,'06:40:00','05:25:00'),(9525,'ADI','ADI','NHLN',NULL,'06:40:00','16:00:00'),(9526,'ADI','ADI','HAPA',NULL,'18:00:00','00:30:00'),(9569,'ADI','ADI','BJU',NULL,'17:15:00','03:30:00'),(9569,'ADI','ADI','DDU',NULL,'17:15:00','20:50:00'),(9569,'ADI','ADI','GOY',NULL,'17:15:00','14:05:00'),(9570,'ADI','ADI','RJT',NULL,'01:10:00','05:50:00'),(9575,'ADI','ADI','MBNR',NULL,'18:30:00','19:35:00'),(9576,'ADI','ADI','RJT',NULL,'01:00:00','05:00:00'),(10107,'MAO','MAO','UD',NULL,'04:00:00','08:30:00'),(10108,'UD','UD','MAO',NULL,'17:11:00','22:20:00'),(10215,'MAO','MAO','UD',NULL,'19:30:00','22:50:00'),(10216,'UD','UD','MAO',NULL,'19:40:00','23:55:00'),(11017,'LTT','LTT','MS',NULL,'13:15:00','11:00:00'),(11020,'VSKP','VSKP','SC',NULL,'22:20:00','10:50:00'),(11049,'ADI','ADI','BSR',NULL,'20:15:00','03:20:00'),(11049,'ADI','ADI','KOP',NULL,'20:15:00','14:40:00'),(11057,'NDLS','NDLS','ASR',NULL,'03:55:00','16:15:00'),(11058,'NDLS','NDLS','CSMT',NULL,'20:40:00','00:05:00'),(11087,'ADI','ADI','BSR',NULL,'20:00:00','03:20:00'),(11087,'ADI','ADI','PUNE',NULL,'20:00:00','07:35:00'),(11088,'ADI','ADI','VRL',NULL,'07:35:00','16:20:00'),(11089,'ADI','ADI','BSR',NULL,'20:00:00','03:20:00'),(11089,'ADI','ADI','PUNE',NULL,'20:00:00','07:35:00'),(11090,'ADI','ADI','BGKT',NULL,'07:35:00','15:55:00'),(11091,'ADI','ADI','BSR',NULL,'20:00:00','03:20:00'),(11091,'ADI','ADI','PUNE',NULL,'20:00:00','07:35:00'),(11092,'ADI','ADI','BHUJ',NULL,'07:35:00','14:30:00'),(11097,'MAO','MAO','UD',NULL,'13:10:00','17:32:00'),(11098,'UD','UD','MAO',NULL,'03:42:00','09:30:00'),(11463,'ADI','ADI','JBP',NULL,'18:35:00','13:20:00'),(11464,'ADI','ADI','VRL',NULL,'08:20:00','17:25:00'),(11465,'ADI','ADI','JBP',NULL,'18:35:00','16:15:00'),(11466,'ADI','ADI','VRL',NULL,'08:20:00','17:25:00'),(12008,'SBC','SBC','MAS',NULL,'16:20:00','21:30:00'),(12010,'ADI','ADI','MMCT',NULL,'15:10:00','21:45:00'),(12013,'NDLS','NDLS','ASR',NULL,'16:30:00','23:05:00'),(12028,'SBC','SBC','MAS',NULL,'06:00:00','11:00:00'),(12029,'NDLS','NDLS','ASR',NULL,'07:20:00','13:30:00'),(12031,'NDLS','NDLS','ASR',NULL,'07:20:00','13:30:00'),(12133,'MAO','MAO','UD',NULL,'07:30:00','11:26:00'),(12134,'UD','UD','MAO',NULL,'15:18:00','18:55:00'),(12138,'NDLS','NDLS','CSMT',NULL,'05:10:00','07:35:00'),(12163,'LTT','LTT','MAS',NULL,'18:40:00','16:30:00'),(12172,'NZM','NZM','LTT',NULL,'22:40:00','21:30:00'),(12201,'MAO','MAO','UD',NULL,'03:10:00','06:30:00'),(12202,'UD','UD','MAO',NULL,'21:40:00','01:05:00'),(12203,'NDLS','NDLS','ASR',NULL,'14:05:00','22:05:00'),(12213,'SC','SC','DEE',NULL,'08:50:00','07:35:00'),(12215,'ADI','ADI','BDTS',NULL,'00:45:00','07:35:00'),(12215,'DEC','DEC','ADI',NULL,'09:12:00','00:35:00'),(12215,'DEC','DEC','BDTS',NULL,'09:12:00','07:35:00'),(12216,'ADI','ADI','DEC',NULL,'19:05:00','10:28:00'),(12216,'ADI','ADI','DEE',NULL,'19:05:00','11:00:00'),(12217,'UD','UD','MAO',NULL,'21:40:00','01:05:00'),(12217,'UD','UD','NDLS',NULL,'21:40:00','06:10:00'),(12218,'MAO','MAO','UD',NULL,'17:20:00','21:18:00'),(12218,'NDLS','NDLS','PNVL',NULL,'13:10:00','07:35:00'),(12218,'NZM','NZM','UD',NULL,'13:23:00','21:18:00'),(12236,'ANVT','ANVT','DDU',NULL,'17:20:00','02:37:00'),(12248,'NZM','NZM','BDTS',NULL,'16:30:00','09:15:00'),(12260,'NDLS','NDLS','DDU',NULL,'19:45:00','04:35:00'),(12264,'NZM','NZM','BSR',NULL,'06:16:00','21:43:00'),(12267,'ADI','ADI','HAPA',NULL,'05:00:00','10:40:00'),(12268,'ADI','ADI','MMCT',NULL,'01:15:00','08:00:00'),(12270,'NZM','NZM','MAS',NULL,'15:55:00','21:00:00'),(12274,'NDLS','NDLS','DDU',NULL,'12:40:00','22:02:00'),(12282,'NDLS','NDLS','DDU',NULL,'12:40:00','21:45:00'),(12284,'NZM','NZM','PNVL',NULL,'21:40:00','15:30:00'),(12285,'SC','SC','NZM',NULL,'12:50:00','10:40:00'),(12291,'YPR','YPR','MAS',NULL,'22:45:00','04:55:00'),(12295,'SMVB','SMVB','PER',NULL,'09:15:00','14:35:00'),(12297,'ADI','ADI','BSR',NULL,'22:30:00','03:45:00'),(12297,'ADI','ADI','PUNE',NULL,'22:30:00','07:15:00'),(12302,'NDLS','NDLS','DDU',NULL,'16:50:00','01:37:00'),(12304,'NDLS','NDLS','DDU',NULL,'17:40:00','03:45:00'),(12306,'NDLS','NDLS','DDU',NULL,'16:50:00','01:37:00'),(12310,'NDLS','NDLS','DDU',NULL,'17:10:00','02:00:00'),(12312,'DLI','DLI','DDU',NULL,'06:15:00','20:38:00'),(12314,'NDLS','NDLS','DDU',NULL,'16:30:00','01:27:00'),(12324,'DLI','DLI','DDU',NULL,'07:55:00','19:23:00'),(12330,'ANVT','ANVT','DDU',NULL,'20:20:00','06:10:00'),(12350,'NDLS','NDLS','DDU',NULL,'23:45:00','10:50:00'),(12368,'ANVT','ANVT','DDU',NULL,'13:15:00','23:35:00'),(12372,'DEC','DEC','BSB',NULL,'13:59:00','05:00:00'),(12372,'DLI','DLI','BSB',NULL,'15:10:00','05:00:00'),(12379,'DLI','DLI','ASR',NULL,'09:15:00','15:50:00'),(12380,'DLI','DLI','DDU',NULL,'20:15:00','06:10:00'),(12382,'NDLS','NDLS','BSB',NULL,'17:40:00','05:00:00'),(12392,'NDLS','NDLS','BSB',NULL,'13:10:00','02:35:00'),(12394,'NDLS','NDLS','DDU',NULL,'17:30:00','03:18:00'),(12398,'NDLS','NDLS','DDU',NULL,'12:50:00','23:20:00'),(12421,'NDLS','NDLS','ASR',NULL,'10:25:00','18:35:00'),(12424,'NDLS','NDLS','DDU',NULL,'16:20:00','01:23:00'),(12431,'UD','UD','MAO',NULL,'06:42:00','10:00:00'),(12431,'UD','UD','NZM',NULL,'06:42:00','12:30:00'),(12432,'MAO','MAO','UD',NULL,'07:10:00','10:40:00'),(12432,'NZM','NZM','PNVL',NULL,'06:16:00','23:05:00'),(12432,'NZM','NZM','UD',NULL,'06:16:00','10:40:00'),(12434,'NZM','NZM','MAS',NULL,'15:35:00','21:00:00'),(12436,'ANVT','ANVT','DDU',NULL,'17:20:00','02:37:00'),(12437,'SC','SC','NZM',NULL,'12:50:00','10:30:00'),(12444,'ANVT','ANVT','DDU',NULL,'20:20:00','06:10:00'),(12450,'NDLS','NDLS','PNVL',NULL,'06:10:00','00:40:00'),(12459,'NDLS','NDLS','ASR',NULL,'13:50:00','22:25:00'),(12472,'NDLS','NDLS','BDTS',NULL,'21:40:00','16:10:00'),(12473,'ADI','ADI','NDLS',NULL,'14:25:00','05:25:00'),(12473,'ADI','ADI','SVDK',NULL,'14:25:00','17:25:00'),(12474,'ADI','ADI','GIMB',NULL,'12:25:00','17:40:00'),(12474,'NDLS','NDLS','ADI',NULL,'21:40:00','12:15:00'),(12475,'ADI','ADI','NDLS',NULL,'14:25:00','05:25:00'),(12475,'ADI','ADI','SVDK',NULL,'14:25:00','17:25:00'),(12476,'ADI','ADI','HAPA',NULL,'12:25:00','18:30:00'),(12476,'NDLS','NDLS','ADI',NULL,'21:40:00','12:15:00'),(12477,'ADI','ADI','NDLS',NULL,'14:25:00','05:25:00'),(12477,'ADI','ADI','SVDK',NULL,'14:25:00','17:25:00'),(12478,'ADI','ADI','JAM',NULL,'12:25:00','18:45:00'),(12478,'NDLS','NDLS','ADI',NULL,'21:40:00','12:15:00'),(12479,'ADI','ADI','BDTS',NULL,'03:50:00','11:30:00'),(12480,'ADI','ADI','JU',NULL,'20:35:00','05:00:00'),(12483,'NDLS','NDLS','ASR',NULL,'06:25:00','13:50:00'),(12483,'UD','UD','MAO',NULL,'21:40:00','01:05:00'),(12483,'UD','UD','NDLS',NULL,'21:40:00','06:10:00'),(12484,'MAO','MAO','UD',NULL,'17:20:00','21:18:00'),(12484,'NDLS','NDLS','PNVL',NULL,'13:10:00','07:35:00'),(12484,'NZM','NZM','UD',NULL,'13:23:00','21:18:00'),(12488,'ANVT','ANVT','DDU',NULL,'08:10:00','19:50:00'),(12489,'ADI','ADI','DDR',NULL,'04:40:00','12:50:00'),(12490,'ADI','ADI','BKN',NULL,'23:00:00','12:15:00'),(12494,'NZM','NZM','BSR',NULL,'21:40:00','14:07:00'),(12497,'NDLS','NDLS','ASR',NULL,'06:40:00','14:15:00'),(12503,'SMVB','SMVB','PER',NULL,'10:15:00','15:30:00'),(12506,'ANVT','ANVT','DDU',NULL,'07:40:00','18:40:00'),(12509,'SMVB','SMVB','PER',NULL,'23:40:00','05:20:00'),(12514,'VSKP','VSKP','SC',NULL,'15:10:00','03:35:00'),(12539,'YPR','YPR','PER',NULL,'13:30:00','19:30:00'),(12551,'SMVB','SMVB','PER',NULL,'08:50:00','14:10:00'),(12560,'NDLS','NDLS','BSBS',NULL,'20:05:00','06:10:00'),(12562,'NDLS','NDLS','BSB',NULL,'21:15:00','08:05:00'),(12578,'SBC','SBC','PER',NULL,'13:50:00','19:30:00'),(12582,'NDLS','NDLS','BSB',NULL,'22:50:00','10:40:00'),(12608,'SBC','SBC','MAS',NULL,'06:25:00','12:20:00'),(12610,'SBC','SBC','MAS',NULL,'08:00:00','14:30:00'),(12612,'NZM','NZM','MAS',NULL,'15:35:00','21:00:00'),(12616,'NDLS','NDLS','TBM',NULL,'16:10:00','05:30:00'),(12617,'UD','UD','MAO',NULL,'23:06:00','03:00:00'),(12617,'UD','UD','NZM',NULL,'23:06:00','13:35:00'),(12618,'MAO','MAO','UD',NULL,'16:10:00','20:20:00'),(12618,'NZM','NZM','PNVL',NULL,'05:35:00','06:30:00'),(12618,'NZM','NZM','UD',NULL,'05:35:00','20:20:00'),(12619,'MAO','MAO','UD',NULL,'01:15:00','05:18:00'),(12620,'UD','UD','MAO',NULL,'15:50:00','20:00:00'),(12622,'NDLS','NDLS','MAS',NULL,'21:05:00','06:35:00'),(12640,'SBC','SBC','MAS',NULL,'15:10:00','21:10:00'),(12642,'NZM','NZM','MS',NULL,'05:20:00','15:55:00'),(12647,'KCG','KCG','NZM',NULL,'10:50:00','14:15:00'),(12649,'KCG','KCG','NZM',NULL,'08:20:00','08:10:00'),(12652,'NZM','NZM','MS',NULL,'05:20:00','15:55:00'),(12655,'ADI','ADI','MAS',NULL,'21:25:00','05:05:00'),(12658,'SBC','SBC','MAS',NULL,'22:40:00','04:15:00'),(12688,'NZM','NZM','PER',NULL,'14:15:00','03:30:00'),(12692,'SBC','SBC','MAS',NULL,'23:00:00','04:55:00'),(12703,'VSKP','VSKP','SC',NULL,'22:35:00','10:30:00'),(12707,'KCG','KCG','NZM',NULL,'16:40:00','18:35:00'),(12715,'NDLS','NDLS','ASR',NULL,'13:20:00','21:45:00'),(12721,'SC','SC','NZM',NULL,'23:25:00','03:40:00'),(12723,'SC','SC','NZM',NULL,'06:25:00','07:15:00'),(12727,'VSKP','VSKP','SC',NULL,'17:20:00','05:10:00'),(12739,'VSKP','VSKP','SC',NULL,'20:40:00','08:20:00'),(12755,'ADI','ADI','BVC',NULL,'13:25:00','18:55:00'),(12756,'ADI','ADI','BSR',NULL,'09:40:00','16:40:00'),(12756,'ADI','ADI','COA',NULL,'09:40:00','17:25:00'),(12773,'VSKP','VSKP','SC',NULL,'05:50:00','18:00:00'),(12783,'VSKP','VSKP','SC',NULL,'19:00:00','07:10:00'),(12802,'NDLS','NDLS','DDU',NULL,'22:40:00','09:50:00'),(12803,'VSKP','VSKP','NZM',NULL,'08:20:00','18:45:00'),(12805,'VSKP','VSKP','SC',NULL,'06:20:00','18:15:00'),(12807,'VSKP','VSKP','NZM',NULL,'09:20:00','18:10:00'),(12816,'ANVT','ANVT','DDU',NULL,'07:30:00','18:30:00'),(12818,'ANVT','ANVT','DDU',NULL,'20:45:00','06:55:00'),(12820,'ANVT','ANVT','DDU',NULL,'08:00:00','18:58:00'),(12826,'ANVT','ANVT','DDU',NULL,'08:00:00','18:58:00'),(12833,'ADI','ADI','HWH',NULL,'00:25:00','14:10:00'),(12844,'ADI','ADI','PURI',NULL,'19:00:00','08:05:00'),(12861,'VSKP','VSKP','KCG',NULL,'18:40:00','06:45:00'),(12876,'ANVT','ANVT','BSB',NULL,'07:30:00','21:40:00'),(12878,'NDLS','NDLS','DDU',NULL,'16:10:00','01:07:00'),(12902,'ADI','ADI','DDR',NULL,'22:50:00','06:15:00'),(12903,'NZM','NZM','ASR',NULL,'14:05:00','23:45:00'),(12904,'NZM','NZM','MMCT',NULL,'04:00:00','23:35:00'),(12905,'ADI','ADI','SHM',NULL,'17:40:00','03:35:00'),(12906,'ADI','ADI','PBR',NULL,'06:15:00','15:20:00'),(12908,'NZM','NZM','BDTS',NULL,'16:30:00','09:15:00'),(12910,'NZM','NZM','BDTS',NULL,'16:30:00','09:15:00'),(12915,'SBIB','SBIB','DEC',NULL,'19:40:00','09:10:00'),(12916,'DEC','DEC','SBIB',NULL,'15:30:00','05:45:00'),(12917,'ADI','ADI','NZM',NULL,'15:30:00','05:50:00'),(12918,'NZM','NZM','ADI',NULL,'13:25:00','03:25:00'),(12925,'NDLS','NDLS','ASR',NULL,'11:05:00','20:10:00'),(12926,'NDLS','NDLS','MMCT',NULL,'16:35:00','14:55:00'),(12932,'ADI','ADI','MMCT',NULL,'05:50:00','13:05:00'),(12934,'ADI','ADI','MMCT',NULL,'05:00:00','12:20:00'),(12937,'ADI','ADI','CNB',NULL,'23:15:00','19:30:00'),(12937,'ADI','ADI','DDU',NULL,'23:15:00','02:25:00'),(12937,'ADI','ADI','HWH',NULL,'23:15:00','12:55:00'),(12938,'ADI','ADI','GIMB',NULL,'09:15:00','14:15:00'),(12941,'ADI','ADI','ASN',NULL,'23:15:00','10:05:00'),(12941,'ADI','ADI','CNB',NULL,'23:15:00','19:30:00'),(12941,'ADI','ADI','DDU',NULL,'23:15:00','02:25:00'),(12942,'ADI','ADI','BVC',NULL,'03:40:00','09:25:00'),(12945,'ADI','ADI','BSBS',NULL,'13:50:00','14:35:00'),(12945,'ADI','ADI','GOY',NULL,'13:50:00','09:00:00'),(12946,'ADI','ADI','VRL',NULL,'09:15:00','18:45:00'),(12947,'ADI','ADI','CNB',NULL,'21:50:00','18:45:00'),(12947,'ADI','ADI','DDU',NULL,'21:50:00','00:50:00'),(12947,'ADI','ADI','PNBE',NULL,'21:50:00','04:20:00'),(12949,'ADI','ADI','SRC',NULL,'17:40:00','06:40:00'),(12950,'ADI','ADI','PBR',NULL,'08:55:00','17:40:00'),(12952,'NDLS','NDLS','MMCT',NULL,'16:55:00','08:35:00'),(12954,'NZM','NZM','MMCT',NULL,'17:15:00','10:05:00'),(12957,'SBI','SBI','DEC',NULL,'19:05:00','06:40:00'),(12958,'DEC','DEC','SBIB',NULL,'20:25:00','08:05:00'),(12959,'ADI','ADI','BHUJ',NULL,'00:35:00','09:50:00'),(12960,'ADI','ADI','BDTS',NULL,'03:20:00','11:15:00'),(12965,'ADI','ADI','BHUJ',NULL,'20:10:00','05:55:00'),(12966,'ADI','ADI','BDTS',NULL,'03:20:00','11:15:00'),(12971,'ADI','ADI','BVC',NULL,'02:50:00','08:05:00'),(12972,'ADI','ADI','BDTS',NULL,'23:45:00','08:15:00'),(12977,'UD','UD','MAO',NULL,'06:12:00','10:30:00'),(12978,'MAO','MAO','UD',NULL,'14:10:00','18:44:00'),(12989,'ADI','ADI','AII',NULL,'22:55:00','07:45:00'),(12990,'ADI','ADI','DDR',NULL,'04:40:00','12:50:00'),(12993,'ADI','ADI','PURI',NULL,'04:10:00','14:25:00'),(12994,'ADI','ADI','GIMB',NULL,'06:35:00','11:35:00'),(12997,'ADI','ADI','BME',NULL,'08:05:00','17:55:00'),(12998,'ADI','ADI','BDTS',NULL,'08:05:00','15:50:00'),(13258,'ANVT','ANVT','BSB',NULL,'13:35:00','02:50:00'),(13414,'DLI','DLI','BSB',NULL,'21:40:00','14:50:00'),(13430,'ANVT','ANVT','BSB',NULL,'17:10:00','08:40:00'),(13484,'DLI','DLI','BSB',NULL,'21:40:00','14:50:00'),(14004,'NDLS','NDLS','BSB',NULL,'18:00:00','08:00:00'),(14006,'ANVT','ANVT','BSB',NULL,'18:00:00','06:00:00'),(14008,'ANVT','ANVT','BSB',NULL,'16:30:00','09:00:00'),(14016,'ANVT','ANVT','BSB',NULL,'16:30:00','09:00:00'),(14018,'ANVT','ANVT','BSB',NULL,'16:30:00','10:30:00'),(14038,'NDLS','NDLS','DDU',NULL,'23:45:00','10:50:00'),(14311,'DEC','DEC','CLDY',NULL,'12:25:00','04:20:00'),(14312,'CLDY','CLDY','DEC',NULL,'22:11:00','13:42:00'),(14620,'NDLS','NDLS','AGTL',NULL,'23:45:00','22:50:00'),(14620,'NDLS','NDLS','DDU',NULL,'23:45:00','10:50:00'),(14701,'ADI','ADI','BDTS',NULL,'21:50:00','06:15:00'),(14702,'ADI','ADI','SGNR',NULL,'04:40:00','04:05:00'),(14707,'ADI','ADI','DDR',NULL,'22:55:00','07:10:00'),(14708,'ADI','ADI','BKN',NULL,'21:55:00','11:40:00'),(14805,'ADI','ADI','BME',NULL,'18:30:00','04:30:00'),(14806,'ADI','ADI','BSR',NULL,'07:10:00','13:50:00'),(14806,'ADI','ADI','YPR',NULL,'07:10:00','15:45:00'),(14807,'ADI','ADI','DDR',NULL,'13:50:00','22:40:00'),(14808,'ADI','ADI','JU',NULL,'08:55:00','18:25:00'),(15045,'ADI','ADI','OKHA',NULL,'17:55:00','03:10:00'),(15046,'ADI','ADI','CNB',NULL,'08:25:00','11:30:00'),(15046,'ADI','ADI','GKP',NULL,'08:25:00','18:55:00'),(15128,'NDLS','NDLS','BSBS',NULL,'11:35:00','04:40:00'),(15227,'SMVB','SMVB','PER',NULL,'00:30:00','06:50:00'),(15270,'SBIB','SBIB','CNB',NULL,'18:10:00','14:05:00'),(15484,'DLI','DLI','DDU',NULL,'07:35:00','21:23:00'),(15560,'ADI','ADI','BSB',NULL,'21:05:00','23:25:00'),(15560,'ADI','ADI','DBG',NULL,'21:05:00','08:40:00'),(15623,'DEC','DEC','BSB',NULL,'03:45:00','22:30:00'),(15623,'DLI','DLI','BSB',NULL,'04:55:00','22:30:00'),(15635,'ADI','ADI','BSB',NULL,'21:40:00','05:40:00'),(15635,'ADI','ADI','CNB',NULL,'21:40:00','19:05:00'),(15635,'ADI','ADI','GHY',NULL,'21:40:00','06:10:00'),(15636,'ADI','ADI','OKHA',NULL,'13:55:00','23:05:00'),(15657,'DLI','DLI','DDU',NULL,'23:40:00','11:00:00'),(15667,'ADI','ADI','BSB',NULL,'21:40:00','05:40:00'),(15667,'ADI','ADI','CNB',NULL,'21:40:00','19:05:00'),(15667,'ADI','ADI','KYQ',NULL,'21:40:00','05:30:00'),(15668,'ADI','ADI','GIMB',NULL,'13:55:00','21:20:00'),(15707,'DLI','DLI','ASR',NULL,'03:20:00','12:20:00'),(16022,'SBC','SBC','MAS',NULL,'23:50:00','06:45:00'),(16032,'NDLS','NDLS','MAS',NULL,'14:00:00','07:00:00'),(16209,'ADI','ADI','BSR',NULL,'14:10:00','21:25:00'),(16209,'ADI','ADI','MYS',NULL,'14:10:00','02:15:00'),(16210,'ADI','ADI','AII',NULL,'05:40:00','14:35:00'),(16311,'ADI','ADI','KCVL',NULL,'07:45:00','19:10:00'),(16311,'ADI','ADI','PNVL',NULL,'07:45:00','15:30:00'),(16311,'ADI','ADI','UD',NULL,'07:45:00','04:16:00'),(16311,'MAO','MAO','UD',NULL,'00:30:00','04:16:00'),(16312,'ADI','ADI','SGNR',NULL,'06:50:00','02:05:00'),(16312,'UD','UD','MAO',NULL,'05:58:00','10:30:00'),(16333,'ADI','ADI','PNVL',NULL,'15:30:00','00:00:00'),(16333,'ADI','ADI','TVC',NULL,'15:30:00','04:00:00'),(16333,'ADI','ADI','UD',NULL,'15:30:00','13:12:00'),(16333,'MAO','MAO','UD',NULL,'09:00:00','13:12:00'),(16334,'ADI','ADI','VRL',NULL,'06:50:00','15:35:00'),(16334,'UD','UD','MAO',NULL,'06:12:00','10:30:00'),(16335,'ADI','ADI','NCJ',NULL,'15:30:00','06:15:00'),(16335,'ADI','ADI','PNVL',NULL,'15:30:00','00:00:00'),(16335,'ADI','ADI','UD',NULL,'15:30:00','13:12:00'),(16335,'MAO','MAO','UD',NULL,'09:00:00','13:12:00'),(16336,'ADI','ADI','GIMB',NULL,'06:50:00','12:00:00'),(16336,'UD','UD','MAO',NULL,'06:12:00','10:50:00'),(16337,'ADI','ADI','ERS',NULL,'15:30:00','23:55:00'),(16337,'ADI','ADI','PNVL',NULL,'15:30:00','00:00:00'),(16337,'ADI','ADI','UD',NULL,'15:30:00','13:12:00'),(16337,'MAO','MAO','UD',NULL,'09:00:00','13:12:00'),(16338,'ADI','ADI','OKHA',NULL,'06:50:00','16:30:00'),(16338,'UD','UD','MAO',NULL,'06:12:00','11:20:00'),(16345,'MAO','MAO','UD',NULL,'23:10:00','03:00:00'),(16346,'UD','UD','MAO',NULL,'00:40:00','04:35:00'),(16351,'CSMT','CSMT','CGL',NULL,'20:35:00','19:30:00'),(16505,'ADI','ADI','BSR',NULL,'14:10:00','21:25:00'),(16505,'ADI','ADI','SBC',NULL,'14:10:00','23:30:00'),(16506,'ADI','ADI','GIMB',NULL,'05:40:00','10:55:00'),(16507,'ADI','ADI','BSR',NULL,'14:10:00','21:25:00'),(16507,'ADI','ADI','SBC',NULL,'14:10:00','23:30:00'),(16508,'ADI','ADI','JU',NULL,'05:40:00','14:15:00'),(16515,'YPR','YPR','UD',NULL,'07:00:00','18:00:00'),(16516,'UD','UD','YPR',NULL,'08:40:00','20:45:00'),(16531,'ADI','ADI','BSR',NULL,'14:10:00','21:25:00'),(16531,'ADI','ADI','SBC',NULL,'14:10:00','02:30:00'),(16532,'ADI','ADI','AII',NULL,'05:40:00','14:35:00'),(16533,'ADI','ADI','BSR',NULL,'14:10:00','21:25:00'),(16533,'ADI','ADI','SBC',NULL,'14:10:00','02:30:00'),(16534,'ADI','ADI','JU',NULL,'05:40:00','14:15:00'),(16585,'SBC','SBC','UD',NULL,'21:00:00','10:40:00'),(16586,'UD','UD','SBC',NULL,'15:50:00','06:15:00'),(16587,'ADI','ADI','BKN',NULL,'20:10:00','09:00:00'),(16588,'ADI','ADI','BSR',NULL,'07:10:00','13:50:00'),(16588,'ADI','ADI','YPR',NULL,'07:10:00','15:45:00'),(16595,'SBC','SBC','UD',NULL,'18:50:00','04:16:00'),(16596,'UD','UD','SBC',NULL,'21:04:00','07:15:00'),(16613,'ADI','ADI','BSR',NULL,'09:40:00','16:40:00'),(16613,'ADI','ADI','CBE',NULL,'09:40:00','20:25:00'),(16614,'ADI','ADI','RJT',NULL,'13:25:00','17:50:00'),(16733,'ADI','ADI','OKHA',NULL,'01:00:00','10:30:00'),(16734,'ADI','ADI','MMM',NULL,'17:40:00','17:53:00'),(17015,'VSKP','VSKP','SC',NULL,'16:30:00','07:30:00'),(17312,'YPR','YPR','MAS',NULL,'04:45:00','11:40:00'),(18045,'VSKP','VSKP','SC',NULL,'03:55:00','16:20:00'),(18101,'DLI','DLI','ASR',NULL,'21:25:00','08:00:00'),(18111,'VSKP','VSKP','SC',NULL,'08:55:00','20:45:00'),(18237,'NZM','NZM','ASR',NULL,'20:05:00','06:55:00'),(18309,'DLI','DLI','ASR',NULL,'21:25:00','08:00:00'),(18428,'ANVT','ANVT','DDU',NULL,'17:20:00','02:50:00'),(18503,'VSKP','VSKP','SC',NULL,'08:20:00','20:15:00'),(18519,'VSKP','VSKP','SC',NULL,'23:20:00','12:40:00'),(19009,'ADI','ADI','BME',NULL,'03:30:00','13:30:00'),(19010,'ADI','ADI','BDTS',NULL,'07:50:00','15:50:00'),(19015,'ADI','ADI','PBR',NULL,'20:25:00','05:30:00'),(19016,'ADI','ADI','MMCT',NULL,'07:35:00','19:30:00'),(19020,'NZM','NZM','BDTS',NULL,'18:55:00','22:55:00'),(19027,'ADI','ADI','JAT',NULL,'19:05:00','23:25:00'),(19028,'ADI','ADI','BDTS',NULL,'07:10:00','14:50:00'),(19031,'ADI','ADI','DEC',NULL,'10:50:00','04:03:00'),(19031,'ADI','ADI','YNRK',NULL,'10:50:00','12:25:00'),(19032,'DEC','DEC','ADI',NULL,'22:55:00','15:35:00'),(19034,'ADI','ADI','BL',NULL,'18:10:00','00:50:00'),(19036,'ADI','ADI','BRC',NULL,'14:00:00','16:50:00'),(19055,'ADI','ADI','JU',NULL,'23:50:00','08:20:00'),(19056,'ADI','ADI','BL',NULL,'03:10:00','08:30:00'),(19165,'ADI','ADI','CNB',NULL,'23:10:00','23:25:00'),(19165,'ADI','ADI','DBG',NULL,'23:10:00','19:05:00'),(19167,'ADI','ADI','BCY',NULL,'23:10:00','10:15:00'),(19167,'ADI','ADI','BSB',NULL,'23:10:00','09:45:00'),(19167,'ADI','ADI','CNB',NULL,'23:10:00','23:25:00'),(19203,'ADI','ADI','VRL',NULL,'03:15:00','13:10:00'),(19204,'ADI','ADI','BDTS',NULL,'07:45:00','15:50:00'),(19217,'ADI','ADI','VRL',NULL,'22:20:00','07:10:00'),(19218,'ADI','ADI','BDTS',NULL,'20:15:00','05:45:00'),(19259,'ADI','ADI','BVC',NULL,'06:50:00','12:25:00'),(19259,'UD','UD','MAO',NULL,'05:58:00','10:50:00'),(19260,'ADI','ADI','KCVL',NULL,'15:30:00','03:50:00'),(19260,'ADI','ADI','PNVL',NULL,'15:30:00','00:00:00'),(19260,'ADI','ADI','UD',NULL,'15:30:00','13:12:00'),(19260,'MAO','MAO','UD',NULL,'08:50:00','13:12:00'),(19309,'ADI','ADI','INDB',NULL,'19:10:00','05:55:00'),(19310,'ADI','ADI','GNC',NULL,'08:35:00','09:45:00'),(19319,'ADI','ADI','INDB',NULL,'06:40:00','17:05:00'),(19320,'ADI','ADI','VRL',NULL,'08:05:00','16:20:00'),(19325,'NZM','NZM','ASR',NULL,'11:40:00','22:05:00'),(19401,'SBIB','SBIB','CNB',NULL,'10:05:00','08:55:00'),(19407,'DEC','DEC','BSB',NULL,'13:59:00','05:40:00'),(19407,'DLI','DLI','BSB',NULL,'15:10:00','05:40:00'),(19407,'SBIB','SBIB','BSB',NULL,'22:00:00','05:40:00'),(19407,'SBIB','SBIB','DEC',NULL,'22:00:00','13:57:00'),(19408,'DEC','DEC','SBIB',NULL,'06:55:00','21:30:00'),(19409,'SBIB','SBIB','CNB',NULL,'10:05:00','09:00:00'),(19413,'ADI','ADI','KOAA',NULL,'21:05:00','15:15:00'),(19418,'ADI','ADI','BVI',NULL,'23:35:00','14:05:00'),(19421,'ADI','ADI','BSB',NULL,'21:50:00','23:40:00'),(19421,'ADI','ADI','PNBE',NULL,'21:50:00','03:50:00'),(19435,'ADI','ADI','ASN',NULL,'00:35:00','20:45:00'),(19435,'ADI','ADI','DDU',NULL,'00:35:00','10:00:00'),(19483,'ADI','ADI','BJU',NULL,'00:35:00','18:40:00'),(19483,'ADI','ADI','DDU',NULL,'00:35:00','10:00:00'),(19489,'ADI','ADI','BSB',NULL,'09:10:00','12:20:00'),(19489,'ADI','ADI','GKP',NULL,'09:10:00','18:10:00'),(19567,'ADI','ADI','OKHA',NULL,'18:15:00','03:35:00'),(19568,'ADI','ADI','BSR',NULL,'09:40:00','16:40:00'),(19568,'ADI','ADI','TN',NULL,'09:40:00','01:35:00'),(19575,'ADI','ADI','NDT',NULL,'17:20:00','06:25:00'),(19576,'ADI','ADI','OKHA',NULL,'09:40:00','18:50:00'),(19577,'ADI','ADI','JAM',NULL,'22:45:00','04:25:00'),(19577,'UD','UD','MAO',NULL,'23:38:00','03:50:00'),(19578,'ADI','ADI','PNVL',NULL,'03:15:00','11:25:00'),(19578,'ADI','ADI','TEN',NULL,'03:15:00','18:30:00'),(19578,'ADI','ADI','UD',NULL,'03:15:00','01:10:00'),(19578,'MAO','MAO','UD',NULL,'21:25:00','01:10:00'),(20408,'NDLS','NDLS','DDU',NULL,'16:10:00','01:07:00'),(20475,'ADI','ADI','BSR',NULL,'20:00:00','03:20:00'),(20475,'ADI','ADI','PUNE',NULL,'20:00:00','07:35:00'),(20476,'ADI','ADI','BKN',NULL,'07:35:00','20:40:00'),(20483,'ADI','ADI','DDR',NULL,'04:40:00','12:50:00'),(20484,'ADI','ADI','BGKT',NULL,'23:00:00','07:20:00'),(20502,'ANVT','ANVT','AGTL',NULL,'19:50:00','15:40:00'),(20502,'ANVT','ANVT','DDU',NULL,'19:50:00','04:42:00'),(20504,'NDLS','NDLS','BSB',NULL,'11:25:00','22:50:00'),(20506,'NDLS','NDLS','BSB',NULL,'11:25:00','22:50:00'),(20608,'SBC','SBC','MAS',NULL,'14:55:00','19:20:00'),(20663,'SBC','SBC','MAS',NULL,'07:50:00','12:25:00'),(20708,'VSKP','VSKP','SC',NULL,'14:35:00','23:20:00'),(20802,'NDLS','NDLS','DDU',NULL,'21:05:00','09:05:00'),(20803,'ADI','ADI','GIMB',NULL,'00:55:00','06:15:00'),(20804,'ADI','ADI','VSKP',NULL,'04:10:00','10:10:00'),(20805,'VSKP','VSKP','NDLS',NULL,'22:00:00','05:40:00'),(20807,'NDLS','NDLS','ASR',NULL,'14:45:00','23:25:00'),(20807,'VSKP','VSKP','NDLS',NULL,'00:25:00','14:30:00'),(20807,'VSKP','VSKP','NZM',NULL,'00:25:00','14:04:00'),(20809,'VSKP','VSKP','SC',NULL,'20:00:00','07:35:00'),(20811,'VSKP','VSKP','SC',NULL,'20:00:00','07:35:00'),(20818,'NDLS','NDLS','DDU',NULL,'17:00:00','01:47:00'),(20819,'ADI','ADI','OKHA',NULL,'00:55:00','10:10:00'),(20820,'ADI','ADI','PURI',NULL,'04:10:00','18:15:00'),(20823,'ADI','ADI','AII',NULL,'09:55:00','18:40:00'),(20824,'ADI','ADI','PURI',NULL,'03:20:00','14:25:00'),(20833,'VSKP','VSKP','SC',NULL,'05:45:00','14:15:00'),(20840,'NDLS','NDLS','DDU',NULL,'16:10:00','01:07:00'),(20862,'ADI','ADI','PURI',NULL,'19:00:00','06:55:00'),(20901,'ADI','ADI','GNC',NULL,'11:30:00','12:25:00'),(20902,'ADI','ADI','MMCT',NULL,'15:00:00','20:25:00'),(20907,'ADI','ADI','BHUJ',NULL,'23:35:00','06:30:00'),(20908,'ADI','ADI','DDR',NULL,'05:20:00','13:50:00'),(20909,'ADI','ADI','PBR',NULL,'22:45:00','07:25:00'),(20909,'UD','UD','MAO',NULL,'23:38:00','03:50:00'),(20910,'ADI','ADI','KCVL',NULL,'03:15:00','15:00:00'),(20910,'ADI','ADI','PNVL',NULL,'03:15:00','11:25:00'),(20910,'ADI','ADI','UD',NULL,'03:15:00','01:10:00'),(20910,'MAO','MAO','UD',NULL,'21:25:00','01:10:00'),(20920,'BSR','BSR','MAS',NULL,'15:45:00','15:25:00'),(20923,'ADI','ADI','GIMB',NULL,'21:45:00','02:25:00'),(20924,'ADI','ADI','PNVL',NULL,'09:20:00','16:55:00'),(20924,'ADI','ADI','TEN',NULL,'09:20:00','23:35:00'),(20931,'UD','UD','MAO',NULL,'23:38:00','03:50:00'),(20932,'MAO','MAO','UD',NULL,'21:25:00','01:10:00'),(20935,'ADI','ADI','INDB',NULL,'23:15:00','08:55:00'),(20936,'ADI','ADI','GIMB',NULL,'09:15:00','14:05:00'),(20939,'SBIB','SBIB','DEC',NULL,'08:20:00','22:18:00'),(20940,'DEC','DEC','SBIB',NULL,'06:55:00','21:30:00'),(20943,'ADI','ADI','BGKT',NULL,'05:20:00','13:20:00'),(20944,'ADI','ADI','BDTS',NULL,'00:45:00','07:35:00'),(20947,'ADI','ADI','EKNR',NULL,'07:55:00','10:40:00'),(20954,'ADI','ADI','BSR',NULL,'09:40:00','15:50:00'),(20954,'ADI','ADI','MAS',NULL,'09:40:00','15:40:00'),(20954,'BSR','BSR','MAS',NULL,'15:55:00','15:40:00'),(20955,'ADI','ADI','MHV',NULL,'02:00:00','09:10:00'),(20956,'ADI','ADI','ST',NULL,'02:25:00','06:35:00'),(20959,'ADI','ADI','VDG',NULL,'10:20:00','13:00:00'),(20960,'ADI','ADI','BL',NULL,'19:35:00','00:35:00'),(20967,'ADI','ADI','PBR',NULL,'13:25:00','21:50:00'),(20968,'ADI','ADI','BSR',NULL,'09:40:00','16:40:00'),(20968,'ADI','ADI','SC',NULL,'09:40:00','08:00:00'),(22101,'LTT','LTT','CGL',NULL,'13:15:00','10:58:00'),(22113,'MAO','MAO','UD',NULL,'03:10:00','06:30:00'),(22114,'UD','UD','MAO',NULL,'13:40:00','17:00:00'),(22125,'NDLS','NDLS','ASR',NULL,'12:10:00','19:00:00'),(22138,'ADI','ADI','NGP',NULL,'18:30:00','10:25:00'),(22149,'UD','UD','MAO',NULL,'13:40:00','17:00:00'),(22150,'MAO','MAO','UD',NULL,'05:50:00','09:36:00'),(22157,'CSMT','CSMT','MS',NULL,'22:52:00','22:15:00'),(22159,'CSMT','CSMT','MAS',NULL,'12:45:00','10:45:00'),(22179,'LTT','LTT','MAS',NULL,'13:15:00','11:00:00'),(22185,'ADI','ADI','BSR',NULL,'20:15:00','03:20:00'),(22185,'ADI','ADI','PUNE',NULL,'20:15:00','07:30:00'),(22203,'VSKP','VSKP','SC',NULL,'19:50:00','06:25:00'),(22210,'NDLS','NDLS','MMCT',NULL,'22:10:00','15:50:00'),(22222,'NZM','NZM','CSMT',NULL,'16:55:00','11:15:00'),(22305,'SMVB','SMVB','PER',NULL,'10:15:00','15:50:00'),(22352,'SMVB','SMVB','PER',NULL,'13:50:00','19:30:00'),(22354,'SMVB','SMVB','PER',NULL,'13:50:00','19:30:00'),(22404,'NDLS','NDLS','MS',NULL,'23:15:00','09:40:00'),(22406,'ANVT','ANVT','DDU',NULL,'17:20:00','02:37:00'),(22410,'ANVT','ANVT','DDU',NULL,'20:20:00','06:07:00'),(22414,'NZM','NZM','PNVL',NULL,'06:16:00','23:05:00'),(22416,'NDLS','NDLS','BSB',NULL,'15:00:00','23:05:00'),(22418,'NDLS','NDLS','BSB',NULL,'18:40:00','08:25:00'),(22428,'ANVT','ANVT','BSB',NULL,'23:55:00','11:10:00'),(22429,'DLI','DLI','ASR',NULL,'08:15:00','15:20:00'),(22436,'NDLS','NDLS','BSB',NULL,'06:00:00','14:00:00'),(22450,'NDLS','NDLS','DDU',NULL,'23:45:00','10:50:00'),(22451,'ADI','ADI','CDG',NULL,'19:05:00','14:15:00'),(22451,'ADI','ADI','DEC',NULL,'19:05:00','10:18:00'),(22452,'ADI','ADI','BDTS',NULL,'00:45:00','07:35:00'),(22452,'DEC','DEC','ADI',NULL,'10:07:00','00:35:00'),(22452,'DEC','DEC','BDTS',NULL,'10:07:00','07:35:00'),(22460,'ANVT','ANVT','DDU',NULL,'12:45:00','22:02:00'),(22466,'ANVT','ANVT','DDU',NULL,'12:45:00','22:02:00'),(22467,'ADI','ADI','GNC',NULL,'14:25:00','15:20:00'),(22468,'ADI','ADI','BSB',NULL,'00:10:00','23:15:00'),(22468,'ADI','ADI','GOY',NULL,'00:10:00','17:40:00'),(22473,'ADI','ADI','BDTS',NULL,'04:10:00','12:00:00'),(22474,'ADI','ADI','BKN',NULL,'21:45:00','10:20:00'),(22475,'ADI','ADI','CBE',NULL,'07:45:00','14:30:00'),(22475,'ADI','ADI','PNVL',NULL,'07:45:00','15:30:00'),(22475,'ADI','ADI','UD',NULL,'07:45:00','04:16:00'),(22475,'MAO','MAO','UD',NULL,'00:35:00','04:16:00'),(22476,'ADI','ADI','HSR',NULL,'21:35:00','16:00:00'),(22476,'UD','UD','MAO',NULL,'23:38:00','03:50:00'),(22487,'DLI','DLI','ASR',NULL,'15:15:00','20:45:00'),(22497,'ADI','ADI','BSR',NULL,'07:45:00','14:07:00'),(22497,'ADI','ADI','TPJ',NULL,'07:45:00','22:10:00'),(22498,'ADI','ADI','SGNR',NULL,'18:30:00','12:10:00'),(22501,'SMVB','SMVB','PER',NULL,'03:10:00','09:10:00'),(22542,'ANVT','ANVT','BSBS',NULL,'18:15:00','08:10:00'),(22582,'NDLS','NDLS','BSB',NULL,'22:50:00','10:40:00'),(22602,'KJM','KJM','MAS',NULL,'03:25:00','09:25:00'),(22626,'SBC','SBC','MAS',NULL,'14:30:00','20:35:00'),(22629,'MAO','MAO','UD',NULL,'07:10:00','10:40:00'),(22630,'UD','UD','MAO',NULL,'23:38:00','03:50:00'),(22633,'UD','UD','MAO',NULL,'03:42:00','09:15:00'),(22633,'UD','UD','NZM',NULL,'03:42:00','12:30:00'),(22634,'MAO','MAO','UD',NULL,'02:10:00','06:00:00'),(22634,'NZM','NZM','PNVL',NULL,'22:15:00','16:55:00'),(22634,'NZM','NZM','UD',NULL,'22:15:00','06:00:00'),(22653,'UD','UD','MAO',NULL,'13:40:00','17:00:00'),(22653,'UD','UD','NZM',NULL,'13:40:00','22:40:00'),(22654,'MAO','MAO','UD',NULL,'10:30:00','14:00:00'),(22654,'NZM','NZM','PNVL',NULL,'05:00:00','00:26:00'),(22654,'NZM','NZM','UD',NULL,'05:00:00','14:00:00'),(22655,'UD','UD','MAO',NULL,'13:40:00','17:00:00'),(22655,'UD','UD','NZM',NULL,'13:40:00','22:40:00'),(22656,'MAO','MAO','UD',NULL,'10:30:00','14:00:00'),(22656,'NZM','NZM','PNVL',NULL,'05:00:00','00:26:00'),(22656,'NZM','NZM','UD',NULL,'05:00:00','14:00:00'),(22659,'UD','UD','MAO',NULL,'21:40:00','01:05:00'),(22659,'UD','UD','NZM',NULL,'21:40:00','05:50:00'),(22660,'MAO','MAO','UD',NULL,'17:20:00','21:18:00'),(22660,'NZM','NZM','PNVL',NULL,'13:20:00','07:35:00'),(22660,'NZM','NZM','UD',NULL,'13:20:00','21:18:00'),(22663,'ADI','ADI','JU',NULL,'23:50:00','08:20:00'),(22664,'ADI','ADI','MS',NULL,'08:05:00','16:40:00'),(22681,'SBC','SBC','MAS',NULL,'23:00:00','04:55:00'),(22689,'ADI','ADI','YPR',NULL,'19:00:00','03:00:00'),(22691,'SC','SC','NZM',NULL,'07:15:00','05:30:00'),(22697,'YPR','YPR','MAS',NULL,'04:45:00','11:40:00'),(22705,'SC','SC','DSJ',NULL,'08:50:00','08:26:00'),(22717,'ADI','ADI','BSR',NULL,'09:40:00','16:40:00'),(22717,'ADI','ADI','SC',NULL,'09:40:00','07:30:00'),(22718,'ADI','ADI','RJT',NULL,'13:25:00','17:50:00'),(22723,'ADI','ADI','SGNR',NULL,'00:35:00','19:00:00'),(22724,'ADI','ADI','NED',NULL,'08:05:00','02:25:00'),(22737,'ADI','ADI','HSR',NULL,'23:50:00','18:35:00'),(22738,'ADI','ADI','SC',NULL,'08:05:00','08:50:00'),(22806,'ANVT','ANVT','DDU',NULL,'08:00:00','18:58:00'),(22812,'NDLS','NDLS','DDU',NULL,'17:00:00','01:47:00'),(22824,'NDLS','NDLS','DDU',NULL,'17:00:00','01:47:00'),(22829,'ADI','ADI','SHM',NULL,'21:40:00','09:35:00'),(22830,'ADI','ADI','BHUJ',NULL,'08:05:00','14:45:00'),(22849,'VSKP','VSKP','SC',NULL,'01:50:00','14:20:00'),(22858,'ANVT','ANVT','DDU',NULL,'13:25:00','02:25:00'),(22882,'VSKP','VSKP','SC',NULL,'04:10:00','16:19:00'),(22903,'ADI','ADI','BHUJ',NULL,'06:35:00','12:45:00'),(22904,'ADI','ADI','BDTS',NULL,'22:10:00','04:55:00'),(22905,'ADI','ADI','SHM',NULL,'17:40:00','03:35:00'),(22906,'ADI','ADI','OKHA',NULL,'06:15:00','16:00:00'),(22907,'ADI','ADI','HAPA',NULL,'03:55:00','09:35:00'),(22908,'ADI','ADI','MAO',NULL,'03:15:00','21:25:00'),(22908,'ADI','ADI','PNVL',NULL,'03:15:00','11:25:00'),(22915,'ADI','ADI','HSR',NULL,'19:35:00','12:30:00'),(22916,'ADI','ADI','BDTS',NULL,'08:05:00','15:50:00'),(22918,'NZM','NZM','BDTS',NULL,'22:15:00','16:50:00'),(22920,'ADI','ADI','BSR',NULL,'09:40:00','15:50:00'),(22920,'ADI','ADI','MAS',NULL,'09:40:00','15:25:00'),(22920,'BSR','BSR','MAS',NULL,'15:55:00','15:25:00'),(22923,'ADI','ADI','JAM',NULL,'08:05:00','14:20:00'),(22924,'ADI','ADI','BDTS',NULL,'02:05:00','09:30:00'),(22925,'ADI','ADI','OKHA',NULL,'18:10:00','00:40:00'),(22928,'ADI','ADI','BDTS',NULL,'20:45:00','05:25:00'),(22931,'ADI','ADI','JSM',NULL,'19:35:00','09:30:00'),(22932,'ADI','ADI','BDTS',NULL,'07:10:00','14:55:00'),(22935,'ADI','ADI','PIT',NULL,'00:35:00','06:00:00'),(22936,'ADI','ADI','BDTS',NULL,'02:05:00','09:30:00'),(22937,'ADI','ADI','REWA',NULL,'18:30:00','17:30:00'),(22938,'ADI','ADI','RJT',NULL,'17:55:00','22:20:00'),(22939,'ADI','ADI','BSP',NULL,'04:10:00','03:00:00'),(22940,'ADI','ADI','OKHA',NULL,'09:40:00','18:50:00'),(22945,'ADI','ADI','OKHA',NULL,'05:10:00','14:55:00'),(22946,'ADI','ADI','MMCT',NULL,'20:30:00','04:55:00'),(22949,'ADI','ADI','DEC',NULL,'19:35:00','11:03:00'),(22949,'ADI','ADI','DEE',NULL,'19:35:00','11:35:00'),(22950,'ADI','ADI','BDTS',NULL,'07:45:00','15:15:00'),(22950,'DEC','DEC','ADI',NULL,'16:32:00','07:35:00'),(22950,'DEC','DEC','BDTS',NULL,'16:32:00','15:15:00'),(22951,'ADI','ADI','GIMB',NULL,'22:45:00','05:55:00'),(22952,'ADI','ADI','BDTS',NULL,'04:10:00','12:00:00'),(22954,'ADI','ADI','MMCT',NULL,'07:10:00','16:00:00'),(22955,'ADI','ADI','BHUJ',NULL,'01:45:00','08:30:00'),(22956,'ADI','ADI','BDTS',NULL,'02:55:00','11:45:00'),(22959,'ADI','ADI','JAM',NULL,'17:40:00','23:35:00'),(22960,'ADI','ADI','BRC',NULL,'10:40:00','12:30:00'),(22963,'ADI','ADI','BVC',NULL,'00:35:00','05:45:00'),(22964,'ADI','ADI','BDTS',NULL,'23:15:00','07:25:00'),(22965,'ADI','ADI','BGKT',NULL,'07:35:00','15:50:00'),(22966,'ADI','ADI','BDTS',NULL,'03:20:00','11:15:00'),(22967,'ADI','ADI','PRYJ',NULL,'16:35:00','16:50:00'),(22969,'ADI','ADI','BSBS',NULL,'23:15:00','02:00:00'),(22969,'ADI','ADI','CNB',NULL,'23:15:00','19:30:00'),(22970,'ADI','ADI','OKHA',NULL,'22:45:00','07:45:00'),(22973,'ADI','ADI','PURI',NULL,'18:55:00','08:05:00'),(22974,'ADI','ADI','GIMB',NULL,'00:35:00','05:55:00'),(22989,'ADI','ADI','MHV',NULL,'00:35:00','07:00:00'),(22990,'ADI','ADI','BDTS',NULL,'02:05:00','09:30:00'),(82902,'ADI','ADI','MMCT',NULL,'06:40:00','13:05:00');
/*!40000 ALTER TABLE `Schedule` ENABLE KEYS */;
UNLOCK TABLES;

--
-- Table structure for table `Seat`
--

DROP TABLE IF EXISTS `Seat`;
/*!40101 SET @saved_cs_client     = @@character_set_client */;
/*!50503 SET character_set_client = utf8mb4 */;
CREATE TABLE `Seat` (
  `seat_id` int NOT NULL AUTO_INCREMENT,
  `train_id` int DEFAULT NULL,
  `type` varchar(50) DEFAULT NULL,
  `price` decimal(10,2) DEFAULT NULL,
  PRIMARY KEY (`seat_id`),
  KEY `train_id` (`train_id`),
  CONSTRAINT `Seat_ibfk_1` FOREIGN KEY (`train_id`) REFERENCES `Train` (`train_id`)
) ENGINE=InnoDB AUTO_INCREMENT=27 DEFAULT CHARSET=utf8mb4 COLLATE=utf8mb4_0900_ai_ci;
/*!40101 SET character_set_client = @saved_cs_client */;

--
-- Dumping data for table `Seat`
--

LOCK TABLES `Seat` WRITE;
/*!40000 ALTER TABLE `Seat` DISABLE KEYS */;
INSERT INTO `Seat` VALUES (1,22634,'Standard',1900.00),(2,22634,'Premium',2100.00),(3,16586,'Standard',1300.00),(4,16586,'Premium',1500.00),(5,20608,'Standard',1500.00),(6,20608,'Premium',1700.00),(7,22928,'Standard',1300.00),(8,22928,'Premium',1500.00),(9,19218,'Standard',1400.00),(10,19218,'Premium',1600.00),(11,14004,'Standard',900.00),(12,14004,'Premium',1100.00),(13,12917,'Standard',1400.00),(14,12917,'Premium',1600.00),(15,22659,'Standard',1700.00),(16,22659,'Premium',1900.00),(17,22626,'Standard',1000.00),(18,22626,'Premium',1200.00),(19,16595,'Standard',1400.00),(20,16595,'Premium',1600.00),(21,12008,'Standard',1900.00),(22,12008,'Premium',2100.00),(23,22222,'Standard',1200.00),(24,22222,'Premium',1400.00),(25,22149,'Standard',1000.00),(26,22149,'Premium',1200.00);
/*!40000 ALTER TABLE `Seat` ENABLE KEYS */;
UNLOCK TABLES;

--
-- Table structure for table `Station`
--

DROP TABLE IF EXISTS `Station`;
/*!40101 SET @saved_cs_client     = @@character_set_client */;
/*!50503 SET character_set_client = utf8mb4 */;
CREATE TABLE `Station` (
  `station_id` varchar(20) NOT NULL,
  `station_name` varchar(255) DEFAULT NULL,
  `city` varchar(255) DEFAULT NULL,
  PRIMARY KEY (`station_id`)
) ENGINE=InnoDB DEFAULT CHARSET=utf8mb4 COLLATE=utf8mb4_0900_ai_ci;
/*!40101 SET character_set_client = @saved_cs_client */;

--
-- Dumping data for table `Station`
--

LOCK TABLES `Station` WRITE;
/*!40000 ALTER TABLE `Station` DISABLE KEYS */;
INSERT INTO `Station` VALUES ('ADI','AHMEDABAD JN','Ahmedabad'),('AGC','Agra Cantt','Agra Cantt'),('AGTL','Agartala','Agartala'),('AII','Ajmer Jn','Ajmer Jn'),('ANDI','ADARSH NAGAR DELHI','Delhi'),('ANND','Anand Jn','Anand Jn'),('ANVT','Anand Vihar Terminal','Anand Vihar Terminal'),('ASN','Asansol Jn','Asansol Jn'),('ASR','Amritsar Jn','Amritsar Jn'),('BBS','Bhubaneswar','Bhubaneswar'),('BCY','Varanasi City','Varanasi City'),('BDTS','MUMBAI BANDRA TERMINUS','Mumbai'),('BE','Bareilly','Bareilly'),('BGKT','Bhagat Ki Kothi (Jodhpur)','Bhagat Ki Kothi (Jodhpur)'),('BGP','Bhagalpur','Bhagalpur'),('BHUJ','Bhuj','Bhuj'),('BJU','Barauni Jn','Barauni Jn'),('BKN','Bikaner Jn','Bikaner Jn'),('BL','Valsad','Valsad'),('BME','Barmer','Barmer'),('BNC','BANGALORE CANT (BENGALURU','Bengaluru'),('BNW','Bhiwani','Bhiwani'),('BRC','Vadodara Jn','Vadodara Jn'),('BSB','Varanasi Jn','Varanasi Jn'),('BSBS','Banaras','Banaras'),('BSC','Bulandshahr','Bulandshahr'),('BSP','Bilaspur Jn','Bilaspur Jn'),('BSR','Vasai Road','Vasai Road'),('BVC','Bhavnagar Terminus','Bhavnagar Terminus'),('BVI','Borivali','Borivali'),('CAPE','Kanniyakumari','Kanniyakumari'),('CBE','Coimbatore Jn','Coimbatore Jn'),('CDG','Chandigarh','Chandigarh'),('CGL','Chengalpattu Jn','Chengalpattu Jn'),('CLDY','Chandlodiya','Chandlodiya'),('CNB','Kanpur Central','Kanpur Central'),('COA','Kakinada Port','Kakinada Port'),('CP','KOLKATA','Kolkata'),('CSMT','MUMBAI CSMT','Mumbai'),('DADN','Dr Ambedkar Ngr (Mhow)','Dr Ambedkar Ngr (Mhow)'),('DBG','Darbhanga Jn','Darbhanga Jn'),('DBRG','Dibrugarh','Dibrugarh'),('DD','Daund Jn','Daund Jn'),('DDN','DEHRADUN','Dehradun'),('DDR','Dadar Wr','Dadar Wr'),('DDU','Dd Upadhyaya Jn','Dd Upadhyaya Jn'),('DEC','DELHI CANTT','Delhi'),('DEE','DELHI SARAI ROHILLA','Delhi'),('DHI','Dhule','Dhule'),('DKAE','Dankuni','Dankuni'),('DKBJ','Dahar Ka Balaji','Dahar Ka Balaji'),('DLI','OLD DELHI','Delhi'),('DNR','Danapur','Danapur'),('DR','MUMBAI DADAR CENTRAL','Mumbai'),('DSA','DELHI SHAHDARA','Delhi'),('DSJ','DELHI SAFDARJUNG','Delhi'),('DVD','Duvvada','Duvvada'),('DWR','Dharwad','Dharwad'),('EKNR','Ekta Nagar','Ekta Nagar'),('ERS','Ernakulam Jn','Ernakulam Jn'),('FN','Farukhnagar','Farukhnagar'),('FZR','Firozpur Cantt Jn','Firozpur Cantt Jn'),('GHY','Guwahati','Guwahati'),('GIMB','Gandhidham Jn','Gandhidham Jn'),('GKP','Gorakhpur','Gorakhpur'),('GNC','Gandhinagar Capital','Gandhinagar Capital'),('GOY','Govindpuri','Govindpuri'),('GTNR','Gomtinagar F','Gomtinagar F'),('GZB','Ghaziabad','Ghaziabad'),('HAPA','Hapa','Hapa'),('HOM','CHENNAI HARBOUR','Chennai'),('HSR','Hisar','Hisar'),('HW','HARIDWAR JN','Haridwar'),('HWH','Howrah Jn','Howrah Jn'),('HYB','HYDERABAD DECCAN','Hyderabad'),('INDB','Indore Jn Bg','Indore Jn Bg'),('JAM','Jamnagar','Jamnagar'),('JAT','Jammu Tawi','Jammu Tawi'),('JBP','Jabalpur','Jabalpur'),('JP','JAIPUR','Jaipur'),('JPF','JAIPUR JN MG','Jaipur'),('JSM','Jaisalmer','Jaisalmer'),('JSME','Jasidih Jn','Jasidih Jn'),('JU','Jodhpur Jn','Jodhpur Jn'),('KAWR','Karwar','Karwar'),('KCG','Kacheguda','Kacheguda'),('KCVL','Kochuveli','Kochuveli'),('KGM','Kathgodam','Kathgodam'),('KIK','Karaikal','Karaikal'),('KJM','Krishnarajapurm','Krishnarajapurm'),('KLK','Kalka','Kalka'),('KNE','Kishanganj','Kishanganj'),('KOAA','Kolkata','Kolkata'),('KOP','C Sahumaharaj T Kolhapur','C Sahumaharaj T Kolhapur'),('KOTA','Kota Jn','Kota Jn'),('KRBA','Korba','Korba'),('KRNT','Kurnool City','Kurnool City'),('KYN','Kalyan Jn','Kalyan Jn'),('KYQ','Kamakhya','Kamakhya'),('LGH','Lalgarh Jn','Lalgarh Jn'),('LKO','Lucknow','Lucknow'),('LPI','Lingampalli','Lingampalli'),('LTT','Lokmanyatilak','Lokmanyatilak'),('MAJN','Mangalore Jn','Mangalore Jn'),('MAO','Madgaon','Madgaon'),('MAQ','Mangalore Central','Mangalore Central'),('MAS','MGR CHENNAI CENTRAL','Chennai'),('MBNR','Mahbubnagar','Mahbubnagar'),('MCTM','Mtyr C Tushar M','Mtyr C Tushar M'),('MDJN','Madar Jn (Ajmer)','Madar Jn (Ajmer)'),('MDU','Madurai Jn','Madurai Jn'),('MFP','Muzaffarpur Jn','Muzaffarpur Jn'),('MHV','Mahuva Jn','Mahuva Jn'),('MLDT','Malda Town','Malda Town'),('MLMR','Melmaruvathur','Melmaruvathur'),('MM','MUMBAI MAHIM JN','Mumbai'),('MMCT','MUMBAI CENTRAL','Mumbai'),('MMM','Mandapam','Mandapam'),('MQ','Mannargudi','Mannargudi'),('MRDW','Murdeshwar','Murdeshwar'),('MRJ','Miraj Jn','Miraj Jn'),('MS','CHENNAI EGMORE','Chennai'),('MSB','CHENNAI BEACH','Chennai'),('MSF','CHENNAI FORT','Chennai'),('MYS','Mysore Jn','Mysore Jn'),('NCJ','Nagarcoil Jn','Nagarcoil Jn'),('NDLS','NEW DELHI','Delhi'),('NDT','Nathdwara','Nathdwara'),('NED','H Sahib Nanded','H Sahib Nanded'),('NGP','Nagpur','Nagpur'),('NHLN','Naharlagun','Naharlagun'),('NJP','New Jalpaiguri','New Jalpaiguri'),('NSL','Nagarsol','Nagarsol'),('NTSK','New Tinsukia','New Tinsukia'),('NZM','DELHI HAZRAT NIZAMUDDIN','Delhi'),('OKHA','Okha','Okha'),('PBR','Porbandar','Porbandar'),('PDY','Pondicherry','Pondicherry'),('PER','Perambur (Chennai)','Perambur (Chennai)'),('PIT','Palitana','Palitana'),('PNBE','Patna Jn','Patna Jn'),('PNVL','Panvel','Panvel'),('PPTA','Patliputra','Patliputra'),('PRYJ','Prayagraj Jn.','Prayagraj Jn.'),('PUNE','Pune Jn','Pune Jn'),('PURI','Puri','Puri'),('PWL','Palwal','Palwal'),('RE','Rewari','Rewari'),('REWA','Rewa','Rewa'),('RJT','Rajkot Jn','Rajkot Jn'),('RMD','Ramanathapuram','Ramanathapuram'),('RMR','Ramnagar','Ramnagar'),('RVJ','MUMBAI RAVLI JN','Mumbai'),('SBB','Sahibabad','Sahibabad'),('SBC','KSR BENGALURU','Bengaluru'),('SBI','Sabarmati Jn','Sabarmati Jn'),('SBIB','Sabarmati Bg','Sabarmati Bg'),('SC','Secunderabad Jn','Secunderabad Jn'),('SCL','Silchar','Silchar'),('SDAH','KOLKATA SEALDAH','Kolkata'),('SGNR','Shri Ganganagar','Shri Ganganagar'),('SHM','Shalimar','Shalimar'),('SIKR','Sikar Jn','Sikar Jn'),('SIN','MUMBAI SION','Mumbai'),('SLN','Sultanpur Jn','Sultanpur Jn'),('SMVB','Smvt Bengaluru','Smvt Bengaluru'),('SNSI','Sainagar Shirdi','Sainagar Shirdi'),('SRC','Santragachi Jn','Santragachi Jn'),('SRE','Saharanpur','Saharanpur'),('SSA','Sirsa','Sirsa'),('SSB','Shakurbasti','Shakurbasti'),('SSPN','Sri Sathya Sai Prasanti Nilayam','Sri Sathya Sai Prasanti Nilayam'),('ST','SURAT','Surat'),('SUR','Solapur Jn','Solapur Jn'),('SVDK','Shmata Vd Katra','Shmata Vd Katra'),('TATA','Tatanagar Jn','Tatanagar Jn'),('TBM','Tambaram','Tambaram'),('TEN','Tirunelveli','Tirunelveli'),('TKJ','Tilak Bridge','Tilak Bridge'),('TN','Tuticorin','Tuticorin'),('TPJ','Tiruchchirappalli Jn','Tiruchchirappalli Jn'),('TPTY','Tirupati','Tirupati'),('TVC','Thiruvananthapuram Central','Thiruvananthapuram Central'),('UBL','Hubballi Jn','Hubballi Jn'),('UD','UDUPI','Udupi'),('UDN','Udhna Jn (Surat)','Udhna Jn (Surat)'),('UDZ','Udaipur City','Udaipur City'),('VDG','Vadnagar','Vadnagar'),('VG','Viramgam Jn','Viramgam Jn'),('VLCY','Velachery','Velachery'),('VRL','Veraval','Veraval'),('VSKP','Visakhapatnam','Visakhapatnam'),('YNK','Yelahanka Jn.','Yelahanka Jn.'),('YNRK','Yog N Rishikesh','Yog N Rishikesh'),('YPR','YESVANTPUR JN (BENGALURU','Bengaluru');
/*!40000 ALTER TABLE `Station` ENABLE KEYS */;
UNLOCK TABLES;

--
-- Table structure for table `Ticket`
--

DROP TABLE IF EXISTS `Ticket`;
/*!40101 SET @saved_cs_client     = @@character_set_client */;
/*!50503 SET character_set_client = utf8mb4 */;
CREATE TABLE `Ticket` (
  `ticket_id` int NOT NULL AUTO_INCREMENT,
  `passenger_id` int DEFAULT NULL,
  `payment_id` varchar(40) DEFAULT NULL,
  `created_at` timestamp NULL DEFAULT CURRENT_TIMESTAMP,
  `status` enum('Pending','Confirmed','Cancelled') DEFAULT NULL,
  PRIMARY KEY (`ticket_id`),
  KEY `passenger_id` (`passenger_id`),
  KEY `payment_id` (`payment_id`),
  CONSTRAINT `Ticket_ibfk_1` FOREIGN KEY (`passenger_id`) REFERENCES `Passenger` (`passenger_id`),
  CONSTRAINT `Ticket_ibfk_2` FOREIGN KEY (`payment_id`) REFERENCES `Payment` (`payment_id`)
) ENGINE=InnoDB AUTO_INCREMENT=16 DEFAULT CHARSET=utf8mb4 COLLATE=utf8mb4_0900_ai_ci;
/*!40101 SET character_set_client = @saved_cs_client */;

--
-- Dumping data for table `Ticket`
--

LOCK TABLES `Ticket` WRITE;
/*!40000 ALTER TABLE `Ticket` DISABLE KEYS */;
INSERT INTO `Ticket` VALUES (7,1,'order_O2I4imJyhAVcCM','2024-04-24 02:13:34','Pending'),(8,1,'order_O2I6Cr7va345mz','2024-04-24 02:14:59','Pending'),(9,1,'order_O2I8FkLvL0hI8W','2024-04-24 02:16:55','Pending'),(10,1,'order_O2IUq9rVQUhtXp','2024-04-24 02:38:18','Pending'),(11,1,'order_O2IXOWqxtci8aa','2024-04-24 02:40:43','Pending'),(12,1,'order_O2Ia60a4lxRyHG','2024-04-24 02:43:16','Confirmed'),(13,1,'order_O2If5XFProvj1O','2024-04-24 02:48:00','Confirmed'),(14,1,'order_O2JghfLhzBORlz','2024-04-24 03:48:13','Confirmed'),(15,1,'order_O2K1uirabxrYVX','2024-04-24 04:08:18','Confirmed');
/*!40000 ALTER TABLE `Ticket` ENABLE KEYS */;
UNLOCK TABLES;

--
-- Table structure for table `Train`
--

DROP TABLE IF EXISTS `Train`;
/*!40101 SET @saved_cs_client     = @@character_set_client */;
/*!50503 SET character_set_client = utf8mb4 */;
CREATE TABLE `Train` (
  `train_id` int NOT NULL AUTO_INCREMENT,
  `train_name` varchar(255) DEFAULT NULL,
  `source_id` varchar(255) DEFAULT NULL,
  `destination_id` varchar(255) DEFAULT NULL,
  `start_time` time DEFAULT NULL,
  `end_time` time DEFAULT NULL,
  `status` enum('Scheduled','Delayed','Cancelled','Completed') DEFAULT NULL,
  `total_seats` int DEFAULT NULL,
  PRIMARY KEY (`train_id`),
  KEY `source_id` (`source_id`),
  KEY `destination_id` (`destination_id`),
  CONSTRAINT `Train_ibfk_1` FOREIGN KEY (`source_id`) REFERENCES `Station` (`station_id`),
  CONSTRAINT `Train_ibfk_2` FOREIGN KEY (`destination_id`) REFERENCES `Station` (`station_id`)
) ENGINE=InnoDB AUTO_INCREMENT=82903 DEFAULT CHARSET=utf8mb4 COLLATE=utf8mb4_0900_ai_ci;
/*!40101 SET character_set_client = @saved_cs_client */;

--
-- Dumping data for table `Train`
--

LOCK TABLES `Train` WRITE;
/*!40000 ALTER TABLE `Train` DISABLE KEYS */;
INSERT INTO `Train` VALUES (1434,'DKBJ PUNE SF SPL','DKBJ','PUNE','11:00:00','05:55:00','Scheduled',634),(1463,'LTT KCVL SPECIAL','LTT','KCVL','16:00:00','06:12:00','Scheduled',663),(1464,'KCVL LTT SPL','UD','MAO','05:42:00','09:20:00','Scheduled',254),(1491,'PUNE NZM SF SPL','PUNE','NZM','22:20:00','16:45:00','Scheduled',691),(1492,'PUNE SF  SPL','NZM','PUNE','22:10:00','19:55:00','Scheduled',692),(1906,'ADI CNB SF SPL','ADI','CNB','14:10:00','11:55:00','Scheduled',250),(2197,'CBE JBP SF SPL','UD','MAO','03:02:00','06:40:00','Scheduled',254),(2198,'JBP CBE SPECIAL','JBP','CBE','15:25:00','04:16:00','Scheduled',398),(2352,'PNBE SF SPL','ANVT','DDU','08:20:00','18:10:00','Scheduled',282),(2392,'PNBE SUMMER SPL','ANVT','DDU','23:20:00','13:15:00','Scheduled',289),(2526,'ANVT KYQ SF SPL','ANVT','DDU','17:20:00','04:42:00','Scheduled',257),(2864,'YPR HWH SPL','YPR','HWH','05:00:00','13:25:00','Scheduled',564),(3228,'ARA SUMMER SPL','ANVT','DDU','09:30:00','23:20:00','Scheduled',283),(3241,'DNR SMVB SF SPL','DNR','SMVB','07:05:00','13:00:00','Scheduled',441),(3242,'SMVB DNR SPL','SMVB','PER','23:25:00','05:20:00','Scheduled',237),(3245,'DNR SMVB SPL','DNR','SMVB','07:05:00','13:00:00','Scheduled',445),(3246,'SMVB DNR SPL','SMVB','PER','23:25:00','05:20:00','Scheduled',240),(3248,'SMVB DNR SPL','SMVB','PER','23:25:00','05:20:00','Scheduled',229),(3251,'DNR SMVB SPL','DNR','SMVB','07:05:00','13:00:00','Scheduled',451),(3252,'SMVB DNR SPL','SMVB','PER','23:25:00','05:20:00','Scheduled',231),(3256,'PNBE SUMMER SPL','ANVT','DDU','23:20:00','13:15:00','Scheduled',253),(3258,'DNR SUMMER SPL','ANVT','DDU','05:00:00','17:10:00','Scheduled',282),(3259,'DNR SMVB SPL','DNR','SMVB','07:05:00','13:00:00','Scheduled',459),(3260,'SMVB DNR SPL','SMVB','PER','23:25:00','05:20:00','Scheduled',263),(3414,'MLDT FESTVAL SPL','NDLS','DDU','10:30:00','20:20:00','Scheduled',208),(3436,'MLDT SUMMER SPL','ANVT','DDU','15:45:00','08:50:00','Scheduled',233),(3484,'BGP FESTVAL SPL','NDLS','DDU','10:30:00','20:20:00','Scheduled',285),(3576,'ASN SUMMER SPL','ANVT','DDU','10:15:00','02:25:00','Scheduled',259),(3636,'GAYA SF SPL','ANVT','DDU','08:40:00','18:25:00','Scheduled',267),(4030,'FN-DEE SPL','FN','DEE','08:06:00','08:35:00','Scheduled',230),(4042,'FN-DEE SPL','FN','DEE','17:20:00','17:50:00','Scheduled',242),(4060,'JYG SUMMER SPL','ANVT','BSB','10:30:00','01:40:00','Scheduled',213),(4074,'CSMT SUMMER SPL','NZM','CSMT','12:20:00','14:45:00','Scheduled',215),(4080,'BSB SUMMER SPL','DLI','BSB','19:30:00','09:45:00','Scheduled',247),(4094,'PNBE SUMMER SPL','ANVT','DDU','23:55:00','13:20:00','Scheduled',207),(4128,'DLI-GZB SPL','DLI','GZB','18:35:00','18:55:00','Scheduled',328),(4131,'PRYJ SMVB S SPL','PRYJ','SMVB','10:10:00','18:30:00','Scheduled',331),(4132,'SMVB PRYJ SPL','SMVB','PER','07:10:00','13:35:00','Scheduled',207),(4166,'ADI AGC SUP SPL','ADI','AGC','14:10:00','06:10:00','Scheduled',208),(4168,'ADI AGC SUP SPL','ADI','AGC','14:10:00','06:30:00','Scheduled',233),(4286,'RE-DLI  EXP SPL','RE','DLI','21:27:00','21:48:00','Scheduled',486),(4311,'HWH DDN SPL','HWH','DDN','18:00:00','01:30:00','Scheduled',511),(4312,'HWH SUMMER SPL','DDN','HWH','11:00:00','15:15:00','Scheduled',512),(4339,'BSC-TKJ EXP SPL','BSC','TKJ','08:36:00','08:56:00','Scheduled',539),(4352,'RE-DLI EXP SPL','HSR','DLI','12:26:00','12:43:00','Scheduled',552),(4408,'SSB-PWL EXP SPL','SSB','PWL','10:40:00','10:54:00','Scheduled',608),(4422,'DLI-GZB 12CAR EXP SPL','DLI','GZB','09:30:00','09:45:00','Scheduled',622),(4429,'DLI-SMQL-SRE SPL','DLI','SRE','18:05:00','18:20:00','Scheduled',629),(4434,'RE-DLI MEX SPL','RE','DLI','14:00:00','14:21:00','Scheduled',634),(4438,'NDLS-PWL MEX SPL','NDLS','PWL','08:45:00','08:59:00','Scheduled',638),(4439,'PWL-GZB MEX SPL','PWL','GZB','12:50:00','13:03:00','Scheduled',639),(4440,'NDLS-PWL MEX SPL','NDLS','PWL','00:15:00','00:29:00','Scheduled',640),(4486,'DLI-GZB 12CAR EXP SPL','DLI','SBB','07:45:00','07:59:00','Scheduled',686),(4500,'RE-DLI EXP SPL','RE','DLI','18:02:00','18:20:00','Scheduled',200),(4599,'DLI SRE MEX SPL','DLI','SRE','18:20:00','18:40:00','Scheduled',299),(4651,'JYG ASR SPL','DLI','ASR','07:25:00','14:45:00','Scheduled',284),(4711,'BKN BDTS SPL','BKN','BDTS','20:55:00','15:50:00','Scheduled',411),(4809,'BGKT SMVB SPL','BGKT','SMVB','13:50:00','22:15:00','Scheduled',509),(4810,'SMVB BGKT SPL','SMVB','BGKT','16:30:00','19:50:00','Scheduled',510),(4811,'BGKT CBE SPL','ADI','ST','07:20:00','12:10:00','Scheduled',200),(4812,'CBE BGKT SPL','ADI','BGKT','01:00:00','11:30:00','Scheduled',202),(4911,'PWL-GZB EXP SPL','PWL','GZB','00:52:00','01:05:00','Scheduled',611),(4914,'DLI-BVH SPL','DLI','PWL','05:15:00','05:33:00','Scheduled',614),(4943,'GZB-NDLS EXP SPL','GZB','NDLS','23:20:00','23:45:00','Scheduled',643),(4956,'DLI-GZB EXP SPL','DLI','GZB','11:30:00','11:58:00','Scheduled',656),(4968,'GZB-PWL EXP SPL','GZB','PWL','17:50:00','18:28:00','Scheduled',668),(4990,'RE-DLI EXP SPL','RE','DLI','08:41:00','09:02:00','Scheduled',690),(5951,'SMVB NTSK SPL','SMVB','NTSK','00:30:00','11:45:00','Scheduled',651),(5952,'NTSK SMVB SPL','NTSK','SMVB','21:55:00','03:10:00','Scheduled',652),(6079,'MS SRC SPL','MS','SRC','13:30:00','21:00:00','Scheduled',279),(6080,'SRC MS SPL','SRC','MS','23:40:00','09:00:00','Scheduled',280),(6098,'BME MAS SPL','ADI','ST','08:00:00','11:40:00','Scheduled',235),(6181,'CBE BGKT SPL','ADI','BGKT','01:00:00','11:30:00','Scheduled',201),(6182,'BGKT CBE SPL','ADI','ST','07:20:00','12:10:00','Scheduled',270),(6219,'SMVB BGKT SPL','SMVB','BGKT','16:30:00','18:15:00','Scheduled',419),(6220,'BGKT SMVB SPL','BGKT','SMVB','06:45:00','15:30:00','Scheduled',420),(6221,'MYS MFP SPL','MYS','MFP','13:50:00','00:10:00','Scheduled',421),(6281,'MYS AII SPL','MYS','AII','12:15:00','12:35:00','Scheduled',481),(6282,'AII MYS SPL','AII','MYS','12:27:00','13:25:00','Scheduled',482),(6509,'SBCDNR HUMSAFAR','SBC','MAS','07:50:00','14:15:00','Scheduled',220),(6510,'DNR SBC SPL','DNR','SBC','11:55:00','18:20:00','Scheduled',210),(6521,'SMVB GHY SPL','SMVB','GHY','23:40:00','09:55:00','Scheduled',221),(6547,'YPR KUDA SPL','YPR','UD','23:20:00','10:08:00','Scheduled',223),(6563,'SMVB MLDT SPL','SMVB','MLDT','23:40:00','09:55:00','Scheduled',263),(6585,'SMVB HWH SPL','SMVB','HWH','00:30:00','10:00:00','Scheduled',285),(6601,'MAO MAQ SPL','MAO','UD','14:10:00','18:30:00','Scheduled',255),(6602,'MAQ MAO SPL','UD','MAO','07:32:00','13:35:00','Scheduled',248),(6721,'MSB-MLMR EXP SPL','MSB','MLMR','08:49:00','08:52:00','Scheduled',421),(7029,'AGTL SC SPECIAL','AGTL','SC','11:53:00','16:15:00','Scheduled',229),(7030,'SC AGTL SPL','SC','AGTL','16:35:00','18:52:00','Scheduled',230),(7031,'SC NZM SPL','SC','NZM','20:45:00','02:00:00','Scheduled',231),(7046,'SC DBRG SPL','SC','DBRG','11:00:00','14:35:00','Scheduled',246),(7047,'DBRG SC SPECIAL','DBRG','SC','12:05:00','16:30:00','Scheduled',247),(7053,'KCG LGH SPL','ADI','LGH','23:20:00','13:35:00','Scheduled',232),(7054,'LGH KCG SPL','ADI','ST','08:55:00','12:47:00','Scheduled',226),(7115,'HYB JP SPL','HYB','JP','20:20:00','05:25:00','Scheduled',315),(7123,'SC UDZ SPL','SC','UDZ','23:50:00','09:15:00','Scheduled',323),(7166,'CTC HYB SPL','DVD','SC','07:37:00','19:45:00','Scheduled',234),(7221,'SC SRC SPL','SC','SRC','06:45:00','10:25:00','Scheduled',421),(7222,'SRC SC SPL','SRC','SC','12:20:00','15:00:00','Scheduled',422),(7223,'SC SRC SPL','SC','SRC','07:05:00','10:30:00','Scheduled',423),(7224,'SRC SC SPL','SRC','SC','12:20:00','14:45:00','Scheduled',424),(7225,'SC SHM SPL','SC','SHM','04:30:00','06:05:00','Scheduled',425),(7226,'SHM SC SPL','SHM','SC','10:00:00','13:00:00','Scheduled',426),(7306,'GTNR UBL SPL','GTNR','UBL','13:45:00','01:45:00','Scheduled',506),(7312,'ADI UBL SPECIAL','ADI','UBL','21:25:00','19:45:00','Scheduled',265),(7695,'SC RMD SPL','SC','RMD','21:10:00','11:00:00','Scheduled',395),(8480,'PURI SUMMER SPL','NDLS','DDU','21:30:00','10:15:00','Scheduled',283),(8579,'VSKP SC SPECIAL','VSKP','SC','19:00:00','09:05:00','Scheduled',271),(8585,'VSKP KRNT SPL','VSKP','KCG','17:35:00','08:00:00','Scheduled',210),(9057,'UDN MAJN SPL','UDN','MAJN','01:00:00','15:00:00','Scheduled',257),(9058,'MAJN UDN SPL','UD','MAO','23:47:00','04:15:00','Scheduled',296),(9097,'BDTS SVDK SF SPL','BDTS','SVDK','21:50:00','18:55:00','Scheduled',297),(9098,'BDTS SF SPL','SVDK','BDTS','10:20:00','10:10:00','Scheduled',298),(9207,'BDTS BVC SPL','ADI','BVC','18:30:00','23:45:00','Scheduled',295),(9208,'BVC BDTS SPL','BVC','BDTS','21:25:00','06:00:00','Scheduled',408),(9274,'ADI - ANND MEMU SPL','ADI','ANND','23:55:00','01:50:00','Scheduled',298),(9275,'ANND-GNC MEMU SPL','ADI','GNC','19:45:00','21:00:00','Scheduled',286),(9276,'GNC-ANND MEMU SPL','ADI','ANND','09:00:00','10:50:00','Scheduled',230),(9312,'ADI - BRC MEMU SPL','ADI','BRC','17:00:00','20:05:00','Scheduled',285),(9316,'ADI BRC MEMU SPL','ADI','BRC','05:20:00','08:35:00','Scheduled',229),(9328,'ADI-BRC MEMU SPL','ADI','BRC','08:25:00','11:15:00','Scheduled',290),(9400,'ADI-ANND MEMU SPL','ADI','ANND','18:20:00','20:25:00','Scheduled',278),(9405,'SBIB PNBE SPL','SBIB','BSB','18:10:00','20:55:00','Scheduled',255),(9407,'BHUJ DEE SF SPL','BHUJ','DEE','11:52:00','12:20:00','Scheduled',607),(9408,'BHUJ SUMMER SPL','DEE','BHUJ','15:22:00','19:20:00','Scheduled',608),(9409,'HERITAGE SPL','ADI','EKNR','06:10:00','09:50:00','Scheduled',240),(9415,'BDTS GIMB SF SPL','ADI','GIMB','03:35:00','08:40:00','Scheduled',246),(9416,'GIMB BDTS SF SPL','GIMB','BDTS','06:20:00','14:20:00','Scheduled',616),(9417,'ADI DNR SPL','ADI','BSB','09:10:00','15:35:00','Scheduled',257),(9419,'ADI TPJ SPECIAL','ADI','TPJ','09:30:00','16:00:00','Scheduled',619),(9420,'TPJ ADI SPL','TPJ','ADI','15:00:00','14:30:00','Scheduled',620),(9421,'ADI DNR SPL','ADI','DDU','21:40:00','22:35:00','Scheduled',242),(9447,'ADI PNBE SF SPL','ADI','DDU','19:25:00','21:20:00','Scheduled',254),(9451,'FESTIVAL SPECIAL','ADI','CNB','23:25:00','23:10:00','Scheduled',252),(9452,'BGP GIMB SPL','ADI','GIMB','02:40:00','08:00:00','Scheduled',271),(9459,'ADI - VG SPL','ADI','VG','18:30:00','20:10:00','Scheduled',240),(9465,'ADI DBG SPL','ADI','CNB','20:25:00','16:35:00','Scheduled',241),(9489,'SBIB GKP SPL','SBIB','CNB','23:30:00','19:30:00','Scheduled',258),(9493,'ADI PNBE SF SPL','ADI','DDU','16:35:00','19:10:00','Scheduled',286),(9496,'ADI - BRC PASS SPL','ADI','BRC','15:45:00','17:55:00','Scheduled',298),(9519,'MDU OKHA SPL','ADI','OKHA','00:10:00','10:20:00','Scheduled',239),(9520,'OKHA  MDU SPL','ADI','ST','07:30:00','12:10:00','Scheduled',204),(9523,'OKHA DEE SF SPL','OKHA','DEE','09:29:00','10:20:00','Scheduled',223),(9524,'OKHA SUMMER SPL','DEE','OKHA','13:40:00','18:20:00','Scheduled',224),(9525,'HAPA NHLN SPL','ADI','BSB','06:40:00','11:10:00','Scheduled',238),(9526,'NHLN HAPA SPL','ADI','HAPA','18:00:00','00:30:00','Scheduled',228),(9569,'RJT BJU SPECIAL','ADI','DDU','17:15:00','20:50:00','Scheduled',225),(9570,'BJU RJT SPL','ADI','RJT','01:10:00','05:50:00','Scheduled',247),(9575,'RJT MBNR SPL','ADI','ST','18:30:00','22:37:00','Scheduled',260),(9576,'MBNR RJT SPL','ADI','RJT','01:00:00','05:00:00','Scheduled',264),(9610,'HWH MDJN SPL','HWH','MDJN','15:00:00','19:30:00','Scheduled',310),(9621,'AII BDTS SF SPL','AII','BDTS','09:10:00','04:15:00','Scheduled',321),(9625,'AII DD SF SPL','AII','DD','19:10:00','13:40:00','Scheduled',325),(9627,'AII SUR SF SPL','AII','SUR','11:10:00','04:15:00','Scheduled',327),(9654,'BDTS AII SF SPL','BDTS','AII','14:30:00','18:32:00','Scheduled',354),(9723,'JP BDTS HSPL','JP','BDTS','08:25:00','04:55:00','Scheduled',423),(10103,'MANDOVI EXPRESS','CSMT','MAO','07:10:00','07:22:00','Scheduled',303),(10107,'MAO-MAQ MEMU EXPRESS','MAO','UD','04:00:00','08:30:00','Scheduled',212),(10108,'MAQ-MAO MEMU EXPRESS','UD','MAO','17:11:00','22:20:00','Scheduled',253),(10215,'MADGAON ERS EXP','MAO','UD','19:30:00','22:50:00','Scheduled',216),(10216,'MADGAON SF EXP','UD','MAO','19:40:00','23:55:00','Scheduled',214),(11005,'PUDUCHERRY EXP','DR','PDY','21:30:00','21:20:00','Scheduled',205),(11006,'CHALUKYA EXP','PDY','DR','06:30:00','05:35:00','Scheduled',206),(11007,'DECCAN EXPRESS','CSMT','PUNE','07:00:00','07:11:00','Scheduled',207),(11009,'SINHAGAD EXP','CSMT','PUNE','17:50:00','18:02:00','Scheduled',209),(11011,'CSMT DHULE EXP','CSMT','DHI','12:00:00','12:10:00','Scheduled',211),(11013,'LTT CBE EXPRESS','LTT','CBE','22:35:00','22:00:00','Scheduled',213),(11014,'CBE LTT EXP','CBE','LTT','15:15:00','13:55:00','Scheduled',214),(11017,'LTT KARAIKAL EXP','LTT','KIK','13:15:00','11:00:00','Scheduled',217),(11018,'KIK LTT EXPRESS','KIK','LTT','22:10:00','20:30:00','Scheduled',218),(11019,'KONARK EXPRESS','CSMT','BBS','14:00:00','03:20:00','Scheduled',219),(11020,'KONARK EXPRESS','BBS','CSMT','11:00:00','04:00:00','Scheduled',220),(11021,'DADAR TEN EXP','DR','TEN','21:30:00','21:20:00','Scheduled',221),(11022,'TEN DR EXPRESS','TEN','DR','06:30:00','05:35:00','Scheduled',222),(11049,'ADI KOP  EXP','ADI','KOP','20:15:00','03:20:00','Scheduled',249),(11057,'CSMT ASR EXPRESS','CSMT','ASR','23:30:00','03:40:00','Scheduled',257),(11058,'ASR CSMT EXP','ASR','CSMT','19:26:00','00:05:00','Scheduled',258),(11087,'VERAVAL PUNE EXP','VRL','PUNE','20:00:00','03:20:00','Scheduled',287),(11088,'PUNE VRL EXP','ADI','VRL','07:35:00','16:20:00','Scheduled',264),(11089,'BGKT PUNE EXP','BGKT','PUNE','20:00:00','03:20:00','Scheduled',289),(11090,'PUNE BGKT EXP','ADI','BGKT','07:35:00','15:55:00','Scheduled',265),(11091,'BHUJ PUNE SPL','BHUJ','PUNE','20:00:00','03:20:00','Scheduled',291),(11092,'PUNE BHUJ EXP','ADI','BHUJ','07:35:00','14:30:00','Scheduled',298),(11097,'POORNA EXPRESS','MAO','UD','13:10:00','17:32:00','Scheduled',211),(11098,'POORNA EXPRESS','UD','MAO','03:42:00','09:30:00','Scheduled',270),(11301,'UDYAN EXPRESS','CSMT','SBC','08:10:00','05:15:00','Scheduled',501),(11302,'UDYAN EXP','SBC','CSMT','20:52:00','20:15:00','Scheduled',502),(11450,'SVDK JBP EXP','SVDK','JBP','14:00:00','14:11:00','Scheduled',650),(11463,'SMNH JBP EXP','ADI','JBP','18:35:00','13:20:00','Scheduled',214),(11464,'JBP SOMNATH EXP','ADI','VRL','08:20:00','17:25:00','Scheduled',268),(11465,'SMNH JBP EXP','ADI','JBP','18:35:00','16:15:00','Scheduled',279),(11466,'JBP SOMNATH EXP','ADI','VRL','08:20:00','17:25:00','Scheduled',267),(12007,'MYS SHATABDI','MAS','MYS','06:00:00','10:40:00','Scheduled',207),(12008,'SHATABDI EXP','SBC','MAS','16:20:00','21:30:00','Scheduled',260),(12009,'ADI SHATABDI EXP','MMCT','ADI','06:20:00','09:15:00','Scheduled',209),(12010,'MMCT SHATABDI EX','ADI','MMCT','15:10:00','21:45:00','Scheduled',210),(12013,'ASR SHTBDI EXP','NDLS','ASR','16:30:00','23:05:00','Scheduled',292),(12015,'AJMER SHATABDI','NDLS','AII','06:10:00','10:40:00','Scheduled',215),(12016,'AII NDLS SHATBI','AII','NDLS','21:46:00','22:30:00','Scheduled',216),(12017,'DDN SHTBDI EXP','NDLS','DDN','06:45:00','12:55:00','Scheduled',217),(12018,'DDN SHTBDI EXP','DDN','NDLS','16:55:00','22:50:00','Scheduled',218),(12027,'MAS SBC SHTABDI','MAS','SBC','17:25:00','22:25:00','Scheduled',227),(12028,'SHATABDI EXP','SBC','MAS','06:10:00','11:00:00','Scheduled',228),(12029,'SWARN SHATABDI','NDLS','ASR','07:20:00','13:30:00','Scheduled',239),(12031,'AMRITSAR SHTABDI','NDLS','ASR','07:20:00','13:30:00','Scheduled',264),(12055,'DDN JANSHTBDI','NDLS','DDN','15:20:00','21:10:00','Scheduled',255),(12056,'NDLS JANSHTABDI','DDN','NDLS','05:00:00','11:05:00','Scheduled',256),(12065,'DEE JAN SHATBDI','AII','DEE','11:05:00','11:35:00','Scheduled',265),(12079,'JANSHATABDI EXP','SBC','UBL','06:00:00','06:10:00','Scheduled',279),(12101,'JNANESHWARI EXP','LTT','SHM','20:35:00','03:35:00','Scheduled',301),(12102,'JANANESWARI EXP','SHM','LTT','20:30:00','03:55:00','Scheduled',302),(12133,'MANGALURU EXP','CSMT','MAJN','21:54:00','11:26:00','Scheduled',333),(12134,'MAJN CSMT SF EX','UD','MAO','15:18:00','18:55:00','Scheduled',277),(12137,'PUNJAB MAIL','CSMT','FZR','19:35:00','21:25:00','Scheduled',337),(12138,'PUNJAB MAIL','FZR','CSMT','05:10:00','07:35:00','Scheduled',338),(12151,'LTT SHM SF EXP','LTT','SHM','20:35:00','06:55:00','Scheduled',351),(12152,'SAMARSATA EXP','SHM','LTT','19:45:00','05:30:00','Scheduled',352),(12163,'LTT MAS EXP','LTT','MAS','18:40:00','16:30:00','Scheduled',363),(12164,'MAS LTT SF EXP','MAS','LTT','18:20:00','15:55:00','Scheduled',364),(12171,'LTT HW AC EXP','LTT','HW','07:55:00','06:40:00','Scheduled',371),(12172,'HW LTT AC EXP','HW','LTT','22:40:00','21:30:00','Scheduled',372),(12194,'JBP YPR EXP','JBP','YPR','01:10:00','13:30:00','Scheduled',394),(12201,'KCVL GARIBRATH','LTT','KCVL','16:45:00','06:30:00','Scheduled',401),(12202,'LTT GARIB RATH','UD','MAO','21:40:00','01:05:00','Scheduled',277),(12203,'GARIB RATH EXP','NDLS','ASR','14:05:00','22:05:00','Scheduled',243),(12213,'YPR DEE DURONTO','YPR','DEE','23:40:00','07:35:00','Scheduled',413),(12214,'DEE YPR DURONTO','DEE','YPR','22:10:00','08:10:00','Scheduled',414),(12215,'BDTS GARIB RATH','DEE','BDTS','00:45:00','07:35:00','Scheduled',415),(12216,'DEE GARIBRATH','BDTS','DEE','19:05:00','11:00:00','Scheduled',416),(12217,'SAMPARK KRANTHI','KCVL','CDG','12:45:00','06:10:00','Scheduled',417),(12218,'KERLA S KRANTI','CDG','KCVL','13:10:00','07:35:00','Scheduled',418),(12219,'SC DURONTO','LTT','SC','23:05:00','11:10:00','Scheduled',419),(12220,'LTT DURONTO','SC','LTT','23:05:00','11:00:00','Scheduled',420),(12236,'MADHUPUR HUMSFR','ANVT','DDU','17:20:00','02:37:00','Scheduled',226),(12240,'MMCT DURONTO EXP','HSR','MMCT','16:35:00','08:20:00','Scheduled',440),(12246,'DURONTO EXPRESS','SMVB','HWH','11:20:00','16:50:00','Scheduled',446),(12247,'BDTS NZM YUVA EX','BDTS','NZM','17:30:00','10:15:00','Scheduled',447),(12248,'BANDRA YUVA EXP','NZM','BDTS','16:30:00','09:15:00','Scheduled',448),(12251,'WAINGANGA EXP','YPR','KRBA','23:40:00','10:40:00','Scheduled',451),(12252,'WAINGANGA EXP','KRBA','YPR','01:10:00','13:30:00','Scheduled',452),(12253,'ANGA EXP','SMVB','BGP','13:50:00','00:10:00','Scheduled',453),(12259,'BKN DURONTO EXP','SDAH','BKN','17:00:00','11:00:00','Scheduled',459),(12260,'SDAH DURONTO','BKN','SDAH','19:45:00','13:15:00','Scheduled',460),(12261,'HOWRAH DURONTO','CSMT','HWH','17:15:00','20:15:00','Scheduled',461),(12262,'CSMT DURONTO EX','HWH','CSMT','05:45:00','08:15:00','Scheduled',462),(12263,'NZM DURONTO','PUNE','NZM','14:25:00','06:45:00','Scheduled',463),(12264,'PUNE DURNTO EXP','NZM','PUNE','06:16:00','21:43:00','Scheduled',464),(12267,'HAPA  DURONTO EX','ADI','HAPA','05:00:00','10:40:00','Scheduled',239),(12268,'MMCT DURONTO EXP','HAPA','MMCT','01:15:00','08:00:00','Scheduled',468),(12269,'MAS NZM DURONTO','MAS','NZM','06:35:00','10:40:00','Scheduled',469),(12270,'MAS DURONTO EXP','NZM','MAS','15:55:00','21:00:00','Scheduled',470),(12273,'NDLS DURONTO EX','HWH','NDLS','08:35:00','06:40:00','Scheduled',473),(12274,'HWH DURONTO EXP','NDLS','HWH','12:40:00','10:35:00','Scheduled',474),(12282,'BBS DURONTO EXP','NDLS','DDU','12:40:00','21:45:00','Scheduled',232),(12283,'ERS NZM DURONTO','ERS','NZM','21:50:00','17:20:00','Scheduled',483),(12284,'NZM ERS DURONTO','NZM','ERS','21:40:00','15:30:00','Scheduled',484),(12285,'NZM DURONTO EXP','SC','NZM','12:50:00','10:40:00','Scheduled',485),(12291,'YPR MAS EXP','YPR','MAS','22:45:00','04:55:00','Scheduled',272),(12292,'MAS YPR SF EXP','MAS','YPR','23:30:00','06:00:00','Scheduled',492),(12295,'SANGHAMITRA EXP','SMVB','PER','09:15:00','14:35:00','Scheduled',277),(12296,'SANGHA MITRA EX','DNR','SMVB','09:45:00','16:10:00','Scheduled',496),(12297,'PUNE DURONTO','ADI','PUNE','22:30:00','03:45:00','Scheduled',497),(12301,'RAJDHANI EXPRES','HWH','NDLS','16:50:00','10:05:00','Scheduled',501),(12302,'HWH RAJDHANI','NDLS','HWH','16:50:00','09:55:00','Scheduled',502),(12303,'POORVA EXPRESS','HWH','NDLS','08:00:00','06:00:00','Scheduled',503),(12304,'POORVA EXPRESS','NDLS','HWH','17:40:00','17:00:00','Scheduled',504),(12305,'RAJDHANI EXPRES','HWH','NDLS','14:05:00','10:05:00','Scheduled',505),(12306,'KOLKATA RAJDHNI','NDLS','HWH','16:50:00','12:15:00','Scheduled',506),(12307,'HWH JU EXPRESS','HWH','JU','23:25:00','23:55:00','Scheduled',507),(12308,'JU HWH EXPRESS','JU','HWH','04:55:00','04:55:00','Scheduled',508),(12310,'RJPB TEJAS RAJ','NDLS','DDU','17:10:00','02:00:00','Scheduled',280),(12311,'NETAJI EXPRESS','HWH','KLK','21:55:00','20:55:00','Scheduled',511),(12312,'NETAJI EXPRESS','KLK','HWH','04:44:00','08:05:00','Scheduled',512),(12313,'RAJDHANI EXPRES','SDAH','NDLS','16:50:00','10:50:00','Scheduled',513),(12314,'SEALDAH RAJDHNI','NDLS','SDAH','16:30:00','10:10:00','Scheduled',514),(12315,'ANANYA EXPRESS','KOAA','UDZ','13:10:00','15:55:00','Scheduled',515),(12316,'ANANYA EXP','UDZ','KOAA','09:10:00','14:50:00','Scheduled',516),(12321,'MUMBAI MAIL','HWH','CSMT','23:35:00','13:15:00','Scheduled',521),(12322,'KOLKATA MAIL','CSMT','HWH','22:15:00','11:40:00','Scheduled',522),(12323,'HWH BME EXP','HWH','BME','18:50:00','15:25:00','Scheduled',523),(12324,'BME HWH SF EXP','BME','HWH','07:55:00','05:45:00','Scheduled',524),(12327,'UPASANA EXP','HWH','DDN','13:00:00','18:10:00','Scheduled',527),(12328,'UPASANA EXPRESS','DDN','HWH','21:45:00','03:15:00','Scheduled',528),(12329,'SAMPARK K EXP','SDAH','ANVT','13:10:00','08:50:00','Scheduled',529),(12330,'SAMPARK K EXP','ANVT','SDAH','20:20:00','16:35:00','Scheduled',530),(12350,'GODA HUMSAFAR','NDLS','DDU','23:45:00','10:50:00','Scheduled',232),(12368,'VIKRAMSHILA EXP','ANVT','DDU','13:15:00','23:35:00','Scheduled',250),(12369,'KUMBHA EXPRESS','HWH','DDN','13:00:00','18:10:00','Scheduled',569),(12370,'DDN HWH SF EXP','DDN','HWH','21:45:00','03:15:00','Scheduled',570),(12371,'HWH BKN SF EXP','HWH','BKN','08:15:00','10:33:00','Scheduled',571),(12372,'BKN HWH SF EXP','BKN','HWH','15:10:00','16:50:00','Scheduled',572),(12379,'JALIANWALA B EX','SDAH','ASR','13:10:00','09:00:00','Scheduled',579),(12380,'JALIANWALA B EX','ASR','SDAH','20:15:00','16:35:00','Scheduled',580),(12381,'POORVA EXPRESS','HWH','NDLS','08:15:00','06:00:00','Scheduled',581),(12382,'POORVA EXPRESS','NDLS','HWH','17:40:00','17:00:00','Scheduled',582),(12392,'SHRAMJIVI EXP','NDLS','BSB','13:10:00','02:35:00','Scheduled',207),(12394,'SAMPOORAN K EXP','NDLS','DDU','17:30:00','03:18:00','Scheduled',221),(12398,'MAHABODHI EXP','NDLS','DDU','12:50:00','23:20:00','Scheduled',289),(12401,'KOTA DDN AC EXP','KOTA','DDN','23:50:00','05:45:00','Scheduled',601),(12402,'DDN KOTA AC EXP','DDN','KOTA','22:45:00','04:30:00','Scheduled',602),(12413,'AII JAT EXPRESS','AII','JAT','20:59:00','21:45:00','Scheduled',613),(12414,'JAT AII EXPRESS','JAT','AII','04:15:00','09:30:00','Scheduled',614),(12416,'NDLS INDB EXP','NDLS','INDB','21:50:00','22:01:00','Scheduled',616),(12421,'NED ASR SF EXP','NDLS','ASR','10:25:00','18:35:00','Scheduled',279),(12424,'DBRT RAJDHANI','NDLS','DDU','16:20:00','01:23:00','Scheduled',279),(12431,'RAJDHANI EXP','TVC','NZM','18:05:00','12:30:00','Scheduled',631),(12432,'TVC RAJDHANI','NZM','TVC','06:16:00','23:05:00','Scheduled',632),(12433,'MAS NZM RAJDHANI','MAS','NZM','06:05:00','10:30:00','Scheduled',633),(12434,'NZM MAS RAJDHANI','NZM','MAS','15:35:00','21:00:00','Scheduled',634),(12436,'JYG GARIB RATH','ANVT','DDU','17:20:00','02:37:00','Scheduled',224),(12437,'SC NZM RAJDHANI','SC','NZM','12:50:00','10:30:00','Scheduled',637),(12438,'SC RAJDHANI','NZM','SC','15:35:00','13:35:00','Scheduled',638),(12444,'HALDIYA EXPRESS','ANVT','DDU','20:20:00','06:10:00','Scheduled',224),(12449,'GOA SMPRK K','MAO','CDG','21:10:00','14:10:00','Scheduled',649),(12450,'GOA SMPRK KRANT','CDG','MAO','06:10:00','00:40:00','Scheduled',650),(12458,'BKN DEE EXP','BKN','DEE','05:39:00','06:05:00','Scheduled',658),(12459,'ASR INTERCITY','NDLS','ASR','13:50:00','22:25:00','Scheduled',253),(12463,'RAJ S KRNTI EXP','DEE','JU','21:25:00','01:30:00','Scheduled',663),(12464,'RJSTHN S KRANTI','JU','DEE','05:21:00','05:50:00','Scheduled',664),(12471,'SWARAJ EXPRESS','BDTS','SVDK','11:00:00','05:25:00','Scheduled',671),(12472,'SWARAJ EXPRESS','SVDK','BDTS','21:40:00','16:10:00','Scheduled',672),(12473,'SARVODAYA EXP','GIMB','SVDK','14:25:00','05:25:00','Scheduled',673),(12474,'SARVODAYA EXP','NDLS','ADI','21:40:00','12:15:00','Scheduled',296),(12475,'HAPA SVDK EXP','HAPA','SVDK','14:25:00','05:25:00','Scheduled',675),(12476,'SVDK HAPA EXP','NDLS','ADI','21:40:00','12:15:00','Scheduled',270),(12477,'JAM SVDK EXP','JAM','SVDK','14:25:00','05:25:00','Scheduled',677),(12478,'SVDK JAM EXP','NDLS','ADI','21:40:00','12:15:00','Scheduled',207),(12479,'SURYA NAGARI EXP','JU','BDTS','03:50:00','11:30:00','Scheduled',679),(12480,'SURYANAGARI EXP','ADI','JU','20:35:00','05:00:00','Scheduled',299),(12483,'KCVL ASR SF EXP','KCVL','ASR','12:45:00','06:10:00','Scheduled',683),(12484,'ASR KCVL SF EXP','ASR','KCVL','13:10:00','07:35:00','Scheduled',684),(12488,'SEEMANCHAL EXP','ANVT','DDU','08:10:00','19:50:00','Scheduled',205),(12489,'BKN DDR EXP','BKN','DDR','04:40:00','12:50:00','Scheduled',689),(12490,'DDR BKN SF EXP','ADI','BKN','23:00:00','12:15:00','Scheduled',223),(12493,'DARSHAN EXPRESS','MRJ','NZM','14:25:00','06:45:00','Scheduled',693),(12494,'DARSHAN EXPRESS','NZM','MRJ','21:40:00','14:07:00','Scheduled',694),(12495,'PRATAP EXPRESS','BKN','KOAA','11:25:00','13:05:00','Scheduled',695),(12496,'PRATAP EXPRESS','KOAA','BKN','22:45:00','22:55:00','Scheduled',696),(12497,'SHANE PUNJAB','NDLS','ASR','06:40:00','14:15:00','Scheduled',258),(12503,'AGTL HUMSAFAR','SMVB','AGTL','10:15:00','18:52:00','Scheduled',203),(12504,'HUMSAFAR EXP','AGTL','SMVB','11:53:00','13:50:00','Scheduled',204),(12506,'NORTH EAST EXP','ANVT','DDU','07:40:00','18:40:00','Scheduled',283),(12507,'ARONAI EXPRESS','TVC','SCL','09:15:00','11:36:00','Scheduled',207),(12508,'SCL TVC EXPRESS','SCL','TVC','00:15:00','03:10:00','Scheduled',208),(12509,'GUWAHATI EXP','SMVB','GHY','23:40:00','09:42:00','Scheduled',209),(12510,'GHY SMVB EXP','GHY','SMVB','00:15:00','03:10:00','Scheduled',210),(12513,'SC SCL SF EXP','SC','SCL','16:35:00','18:52:00','Scheduled',213),(12514,'SCL SC EXPRESS','SCL','SC','00:15:00','03:35:00','Scheduled',214),(12515,'CBE SCL SF EXP','CBE','SCL','05:25:00','09:42:00','Scheduled',215),(12516,'SCL CBE EXPRESS','SCL','CBE','00:15:00','03:10:00','Scheduled',216),(12539,'YPR LKO EXP','YPR','PER','13:30:00','19:30:00','Scheduled',219),(12540,'LKO YPR EXP','LKO','YPR','09:30:00','15:45:00','Scheduled',240),(12551,'SMVB KYQ AC EXP','SMVB','PER','08:50:00','14:10:00','Scheduled',227),(12552,'KYQ SMVB AC EXP','KYQ','SMVB','10:35:00','16:35:00','Scheduled',252),(12560,'SHIV GANGA EXP','NDLS','BSBS','20:05:00','06:10:00','Scheduled',252),(12562,'SWTANTRTA S EXP','NDLS','BSB','21:15:00','08:05:00','Scheduled',291),(12577,'BAGMATI EXP','DBG','MYS','10:35:00','17:05:00','Scheduled',277),(12578,'BAGMATI EXP','SBC','PER','13:50:00','19:30:00','Scheduled',250),(12582,'BSBS SF EXPRESS','NDLS','BSB','22:50:00','10:40:00','Scheduled',274),(12591,'GKP YPR EXPRESS','GKP','YPR','13:45:00','02:45:00','Scheduled',291),(12592,'GORAKHPUR EXP','YPR','GKP','17:15:00','06:00:00','Scheduled',292),(12604,'CHENNAI SF EXP','HYB','MAS','16:45:00','05:40:00','Scheduled',304),(12607,'LALBAGH SF EXP','MAS','SBC','15:30:00','21:35:00','Scheduled',307),(12608,'LALBAGH EXP','SBC','MAS','06:37:00','12:20:00','Scheduled',308),(12609,'MYSURU EXPRESS','MAS','MYS','13:35:00','19:55:00','Scheduled',309),(12610,'CHENNAI EXPRESS','MYS','MAS','08:12:00','14:30:00','Scheduled',310),(12611,'NZM GARIBRATH','MAS','NZM','06:00:00','10:30:00','Scheduled',311),(12612,'MAS GARIB RATH','NZM','MAS','15:35:00','21:00:00','Scheduled',312),(12615,'GRAND TRUNK EXP','TBM','NDLS','17:00:00','05:05:00','Scheduled',315),(12616,'GRAND TRUNK EXP','NDLS','TBM','16:10:00','05:30:00','Scheduled',316),(12617,'MANGLADWEEP EXP','ERS','NZM','12:40:00','13:35:00','Scheduled',317),(12618,'MNGLA LKSDP EXP','NZM','ERS','05:35:00','06:30:00','Scheduled',318),(12619,'MATSYAGANDHA EXP','LTT','MAQ','15:20:00','05:18:00','Scheduled',319),(12620,'MATSYAGANDA EXP','UD','MAO','15:50:00','20:00:00','Scheduled',283),(12621,'TAMILNADU SF EXP','MAS','NDLS','22:00:00','06:30:00','Scheduled',321),(12622,'TAMILNADU EXP','NDLS','MAS','21:05:00','06:35:00','Scheduled',322),(12627,'KARNATAKA EXP','SBC','NDLS','19:32:00','09:00:00','Scheduled',327),(12628,'KARNATAKA EXP','NDLS','SBC','20:20:00','11:06:00','Scheduled',328),(12629,'SAMPARK KRANTI','YPR','NZM','14:30:00','11:40:00','Scheduled',329),(12630,'YPR S KRNTI EXP','NZM','YPR','08:30:00','05:25:00','Scheduled',330),(12639,'BRINDAVAN SF EX','MAS','SBC','07:40:00','13:40:00','Scheduled',339),(12640,'BRINDAVAN EXP','SBC','MAS','15:22:00','21:10:00','Scheduled',340),(12641,'TIRUKKURAL EXP','CAPE','NZM','08:45:00','18:35:00','Scheduled',341),(12642,'NZM CAPE SF EXP','NZM','CAPE','05:20:00','15:55:00','Scheduled',342),(12647,'KONGU SF EXP','CBE','NZM','23:40:00','14:15:00','Scheduled',347),(12648,'KONGU EXPRESS','NZM','CBE','07:00:00','23:23:00','Scheduled',348),(12649,'SAMPARK KRANTI','YPR','NZM','13:50:00','08:10:00','Scheduled',349),(12650,'YPR SAMPARK KRT','NZM','YPR','08:20:00','04:30:00','Scheduled',350),(12651,'NZM S KRNTI EXP','MDU','NZM','08:45:00','18:35:00','Scheduled',351),(12652,'SMPARK KRNT EXP','NZM','MDU','05:20:00','15:55:00','Scheduled',352),(12655,'NAVJEEVAN EXP','ADI','MAS','21:25:00','05:05:00','Scheduled',355),(12656,'NAVAJIVAN SF EXP','MAS','ADI','10:10:00','13:37:00','Scheduled',356),(12657,'MAS SBC SF MAIL','MAS','SBC','22:50:00','04:35:00','Scheduled',357),(12658,'CHENNAI MAIL','SBC','MAS','22:52:00','04:15:00','Scheduled',358),(12663,'HWH TPJ SUF EXP','HWH','TPJ','17:40:00','20:45:00','Scheduled',363),(12664,'TPJ HWH SF EXP','TPJ','HWH','19:10:00','23:55:00','Scheduled',364),(12665,'HWH CAPE SF EXP','HWH','CAPE','16:15:00','20:45:00','Scheduled',365),(12666,'CAPE HWH SF EXP','CAPE','HWH','19:10:00','23:55:00','Scheduled',366),(12687,'MDU CDG SF EXP','MDU','CDG','09:15:00','21:35:00','Scheduled',387),(12688,'CDG MDU SF EXP','CDG','MDU','14:15:00','03:30:00','Scheduled',388),(12691,'MAS SSPN SF EXP','MAS','SSPN','23:30:00','05:20:00','Scheduled',391),(12692,'CHENNAI EXPRESS','SSPN','MAS','23:12:00','04:55:00','Scheduled',392),(12701,'HUSSAINSAGAR EXP','CSMT','HYB','21:50:00','12:05:00','Scheduled',401),(12702,'HUSSAIN SAGAR','HYB','CSMT','14:50:00','04:55:00','Scheduled',402),(12703,'FALAKNUMA EXP','HWH','SC','08:35:00','10:30:00','Scheduled',403),(12704,'FALAKNUMA EXP','SC','HWH','15:55:00','17:40:00','Scheduled',404),(12707,'SAMPARK KRANTI','TPTY','NZM','16:40:00','18:35:00','Scheduled',407),(12715,'SACHKHAND EXP','NDLS','ASR','13:20:00','21:45:00','Scheduled',287),(12720,'HYB JP SF EXP','HYB','JP','20:25:00','05:25:00','Scheduled',420),(12721,'DAKSHIN EXP','HYB','NZM','23:00:00','03:40:00','Scheduled',421),(12723,'TELANGANA EXP','HYB','NDLS','06:00:00','07:40:00','Scheduled',423),(12725,'SIDDAGANGA EXP','SBC','DWR','12:45:00','12:55:00','Scheduled',425),(12727,'GODAVARI EXPRES','VSKP','SC','17:20:00','05:10:00','Scheduled',256),(12735,'GARIBRATH EXP','SC','YPR','20:30:00','08:10:00','Scheduled',435),(12739,'GARIB RATH','VSKP','SC','20:40:00','08:20:00','Scheduled',251),(12755,'COA BVC SF EXP','COA','BVC','15:10:00','06:00:00','Scheduled',455),(12756,'BVC COA SF EXP','BVC','COA','09:40:00','16:40:00','Scheduled',456),(12760,'CHARMINAR EXP','HYB','TBM','18:00:00','08:00:00','Scheduled',460),(12773,'SHM SC SUF EXP','SHM','SC','16:10:00','18:00:00','Scheduled',473),(12774,'SC SHM AC  EXP','SC','SHM','03:55:00','06:05:00','Scheduled',474),(12783,'VSKP SC AC EXP','VSKP','SC','19:00:00','07:10:00','Scheduled',277),(12785,'KCG MYS SF EXP','KCG','MYS','19:05:00','06:25:00','Scheduled',485),(12802,'PURUSHOTTAM EXP','NDLS','DDU','22:40:00','09:50:00','Scheduled',205),(12803,'SWARNA JAYANTHI','VSKP','NZM','08:20:00','18:45:00','Scheduled',287),(12805,'JANMABHOOMI EXP','VSKP','SC','06:20:00','18:15:00','Scheduled',256),(12807,'SAMTA EXPRESS','VSKP','NZM','09:20:00','18:10:00','Scheduled',238),(12809,'HOWRAH MAIL','CSMT','HWH','21:10:00','06:05:00','Scheduled',509),(12810,'HWH CSMT MAIL','HWH','CSMT','19:40:00','04:25:00','Scheduled',510),(12816,'NANDANKANAN EXP','ANVT','DDU','07:30:00','18:30:00','Scheduled',226),(12818,'JHARKHAND EXP','ANVT','DDU','20:45:00','06:55:00','Scheduled',208),(12820,'BBS S KRANTI EXP','ANVT','DDU','08:00:00','18:58:00','Scheduled',244),(12826,'ANVT RNC SF EXP','ANVT','DDU','08:00:00','18:58:00','Scheduled',239),(12833,'ADI HWH EXP','ADI','HWH','00:25:00','14:10:00','Scheduled',533),(12834,'HWH ADI SUF EXP','HWH','ADI','23:10:00','07:55:00','Scheduled',534),(12839,'CHENNAI MAIL','HWH','MAS','23:55:00','03:15:00','Scheduled',539),(12840,'MAS HWH SF MAIL','MAS','HWH','19:00:00','23:00:00','Scheduled',540),(12841,'COROMANDAL EXP','SHM','MAS','15:25:00','17:00:00','Scheduled',541),(12842,'COROMANDEL EXP','MAS','SHM','07:00:00','10:40:00','Scheduled',542),(12844,'ADI PURI SF EXP','ADI','ST','19:00:00','22:50:00','Scheduled',297),(12859,'GITANJALI EXP','CSMT','HWH','06:00:00','12:50:00','Scheduled',559),(12860,'GITANJALI EXP','HWH','CSMT','13:50:00','21:20:00','Scheduled',560),(12861,'VSKP MBNR SF','VSKP','KCG','18:40:00','06:45:00','Scheduled',290),(12864,'SMVB HOWRAH EXP','SMVB','HWH','10:35:00','19:55:00','Scheduled',564),(12869,'CSMT HOWRAH EXP','CSMT','HWH','11:05:00','19:30:00','Scheduled',569),(12870,'HWH CSMT SF EXP','HWH','CSMT','14:05:00','23:45:00','Scheduled',570),(12876,'NEELANCHAL EXP','ANVT','BSB','07:30:00','21:40:00','Scheduled',291),(12878,'RNC GARIB RATH','NDLS','DDU','16:10:00','01:07:00','Scheduled',246),(12902,'GUJRAT MAIL','ADI','DDR','22:50:00','06:15:00','Scheduled',602),(12903,'GOLDEN TEMPLE','MMCT','ASR','18:45:00','13:50:00','Scheduled',603),(12904,'GOLDEN TEMPLE M','ASR','MMCT','04:00:00','23:35:00','Scheduled',604),(12905,'SHALIMAR SF EXP','PBR','SHM','17:40:00','03:35:00','Scheduled',605),(12906,'SHM PBR SUF EXP','SHM','PBR','20:30:00','02:17:00','Scheduled',606),(12907,'BDTS SMPRK K EX','BDTS','NZM','17:30:00','10:15:00','Scheduled',607),(12908,'MHRST SMPRK K EX','NZM','BDTS','16:30:00','09:15:00','Scheduled',608),(12909,'NZM GARIB RATH','BDTS','NZM','17:30:00','10:15:00','Scheduled',609),(12910,'BDTS GARIBRATH','NZM','BDTS','16:30:00','09:15:00','Scheduled',610),(12915,'ASHRAM EXPRESS','SBIB','DLI','19:40:00','10:00:00','Scheduled',615),(12916,'ASHRAM EXPRESS','DLI','SBIB','14:55:00','20:15:00','Scheduled',616),(12917,'GUJRAT S KRANTI','ADI','NZM','15:30:00','05:50:00','Scheduled',617),(12918,'GUJRAT S KRANTI','NZM','ADI','13:25:00','03:25:00','Scheduled',231),(12925,'PASCHIM EXPRESS','MMCT','ASR','11:25:00','10:40:00','Scheduled',625),(12926,'PASCHIM EXPRESS','ASR','MMCT','16:35:00','14:55:00','Scheduled',626),(12932,'MMCT DOUBLEDECKE','ADI','MMCT','05:50:00','13:05:00','Scheduled',632),(12934,'KARNAVATI EXP','ADI','MMCT','05:00:00','12:20:00','Scheduled',634),(12937,'HWH GARBHA EXP','GIMB','HWH','23:15:00','12:55:00','Scheduled',637),(12938,'GARBHA EXPRESS','ADI','GIMB','09:15:00','14:15:00','Scheduled',275),(12940,'JP PUNE EXP','JP','PUNE','12:25:00','04:05:00','Scheduled',640),(12941,'PARASNATH EXP','ADI','DDU','23:15:00','02:25:00','Scheduled',212),(12942,'PARASNATH EXP','ADI','BVC','03:40:00','09:25:00','Scheduled',234),(12945,'BANARAS SF EXP','ADI','BSBS','13:50:00','14:35:00','Scheduled',290),(12946,'BSBS VRL SF EXP','ADI','VRL','09:15:00','18:45:00','Scheduled',252),(12947,'AZIMABAD EXP','ADI','DDU','21:50:00','00:50:00','Scheduled',256),(12949,'KAVIGURU EXP','PBR','SRC','17:40:00','06:40:00','Scheduled',649),(12950,'KAVIGURU EXP','SRC','PBR','20:00:00','03:47:00','Scheduled',650),(12951,'NDLS TEJAS RAJ','MMCT','NDLS','17:00:00','08:32:00','Scheduled',651),(12952,'MMCT TEJAS RAJ','NDLS','MMCT','16:55:00','08:35:00','Scheduled',652),(12953,'AK TEJAS RAJ EX','MMCT','NZM','17:10:00','09:43:00','Scheduled',653),(12954,'AK TEJAS RAJ EX','NZM','MMCT','17:15:00','10:05:00','Scheduled',654),(12955,'MMCT JAIPUR SF','MMCT','JP','19:05:00','12:00:00','Scheduled',655),(12956,'JP MMCT SF EXP','JP','MMCT','14:00:00','06:55:00','Scheduled',656),(12957,'SBIB NDLS RAJ','SBI','NDLS','19:05:00','07:30:00','Scheduled',657),(12958,'ADI SJ RAJDHANI','NDLS','SBIB','19:55:00','23:45:00','Scheduled',658),(12959,'BDTS BHUJ EXP','ADI','BHUJ','00:35:00','09:50:00','Scheduled',281),(12960,'BHUJ BDTS EXP','BHUJ','BDTS','03:20:00','11:15:00','Scheduled',660),(12965,'BDTS BHUJ SFAST','ADI','BHUJ','20:10:00','05:55:00','Scheduled',287),(12966,'BHUJ BDTS SFAST','ADI','ST','03:20:00','07:10:00','Scheduled',295),(12968,'JP CHENNAI EXP','JP','MAS','19:35:00','08:20:00','Scheduled',668),(12970,'JAIPUR CBE EXP','JP','CBE','19:35:00','08:15:00','Scheduled',670),(12971,'BDTS BVC SF EXP','ADI','BVC','02:50:00','08:05:00','Scheduled',208),(12972,'BVC BDTS SF EXP','BVC','BDTS','23:45:00','08:15:00','Scheduled',672),(12975,'MYS JP EXP','MYS','JP','13:27:00','06:45:00','Scheduled',675),(12976,'JP MYSORE EXP','JP','MYS','00:10:00','12:55:00','Scheduled',676),(12977,'MARUSAGAR SF EX','ERS','AII','21:10:00','12:55:00','Scheduled',677),(12978,'MARU SAGAR EXP','AII','ERS','05:40:00','18:44:00','Scheduled',678),(12979,'BDTS JAIPUR SF','BDTS','JP','17:05:00','09:45:00','Scheduled',679),(12980,'JP BDTS EXP','JP','BDTS','20:25:00','13:15:00','Scheduled',680),(12985,'DOUBLE DECKER','JP','DEE','09:55:00','10:25:00','Scheduled',685),(12986,'JP DOUBLE DCKER','DEE','JP','17:52:00','22:00:00','Scheduled',686),(12987,'SDAH AII SF EXP','SDAH','AII','22:55:00','23:15:00','Scheduled',687),(12988,'AII SDAH EXP','AII','SDAH','14:40:00','15:50:00','Scheduled',688),(12989,'DDR AJMER SF EXP','ADI','AII','22:55:00','07:45:00','Scheduled',220),(12990,'AII DDR EXPRESS','AII','DDR','04:40:00','12:50:00','Scheduled',690),(12993,'GIMB PURI SF EX','ADI','ST','04:10:00','07:51:00','Scheduled',268),(12994,'PURI GIMB SF','ADI','GIMB','06:35:00','11:35:00','Scheduled',258),(12997,'BARMER HUMSAFAR','ADI','BME','08:05:00','17:55:00','Scheduled',267),(12998,'BME BDTS','BME','BDTS','08:05:00','15:50:00','Scheduled',698),(13010,'YNRK HWH EXP','YNRK','HWH','22:18:00','07:00:00','Scheduled',210),(13258,'JANSADHARAN EXP','ANVT','BSB','13:35:00','02:50:00','Scheduled',253),(13414,'FARKKA EXPRESS','DLI','BSB','21:40:00','14:50:00','Scheduled',291),(13430,'ANVT MLDT EXP','ANVT','BSB','17:10:00','08:40:00','Scheduled',212),(13433,'AMRIT BHARAT EXP','SMVB','MLDT','13:50:00','03:55:00','Scheduled',633),(13484,'FARAKKA EXP','DLI','BSB','21:40:00','14:50:00','Scheduled',298),(14004,'NDLS MLDT EXP','NDLS','BSB','18:00:00','08:00:00','Scheduled',206),(14006,'LICHCHIVI EXP','ANVT','BSB','18:00:00','06:00:00','Scheduled',221),(14008,'SADHBHAWNA EXP','ANVT','BSB','16:30:00','09:00:00','Scheduled',255),(14016,'SADHBHAWNA EXP','ANVT','BSB','16:30:00','09:00:00','Scheduled',247),(14018,'SADBHAVNA EXP','ANVT','BSB','16:30:00','10:30:00','Scheduled',248),(14029,'SGNR-DLI XPRES','SGNR','DLI','14:45:00','15:06:00','Scheduled',229),(14038,'NDLS SCL EXP','NDLS','DDU','23:45:00','10:50:00','Scheduled',222),(14041,'MUSSOORIE EXP','DLI','DDN','22:25:00','09:05:00','Scheduled',241),(14042,'MUSSOORIE EXP','DDN','DLI','21:20:00','07:20:00','Scheduled',242),(14086,'SIRSA EXP','SSA','TKJ','08:59:00','09:21:00','Scheduled',286),(14118,'KALINDI EXP','BNW','PRYJ','22:50:00','23:04:00','Scheduled',318),(14303,'DLI - RKSH EXP SPL','DLI','HW','18:01:00','23:10:00','Scheduled',503),(14305,'DLI - HW EXP SPL','DLI','HW','10:36:00','17:40:00','Scheduled',505),(14311,'ALA HAZRAT EXP','BE','BHUJ','11:50:00','17:50:00','Scheduled',511),(14312,'BHUJ BE EXP','BHUJ','BE','22:11:00','14:35:00','Scheduled',512),(14321,'BE BHUJ EXPRESS','BE','BHUJ','11:50:00','17:50:00','Scheduled',521),(14322,'BHUJ BE EXP','BHUJ','BE','13:44:00','14:04:00','Scheduled',522),(14620,'TRIPURA SUNDARI','NDLS','DDU','23:45:00','10:50:00','Scheduled',219),(14645,'SHALIMAR EXP','JSM','JAT','15:59:00','16:16:00','Scheduled',345),(14646,'SHALIMAR EXP','JAT','JSM','11:00:00','17:35:00','Scheduled',346),(14661,'SHALIMAR MALANI','BME','JAT','15:59:00','16:16:00','Scheduled',361),(14662,'SHALIMAR MALANI','JAT','BME','11:35:00','17:35:00','Scheduled',362),(14701,'ARAVALI EXPRESS','SGNR','BDTS','21:50:00','06:15:00','Scheduled',401),(14702,'ARAVALI EXP','ADI','SGNR','04:40:00','04:05:00','Scheduled',272),(14707,'RANAKPUR EXP','BKN','DDR','22:55:00','07:10:00','Scheduled',407),(14708,'DDR BKN EXP','ADI','BKN','21:55:00','11:40:00','Scheduled',225),(14713,'SIKR DEE EXP','SIKR','DEE','19:55:00','20:25:00','Scheduled',413),(14805,'BARMER AC EXP','YPR','BME','11:30:00','12:00:00','Scheduled',505),(14806,'BME YPR AC EXP','BME','YPR','07:10:00','13:50:00','Scheduled',506),(14807,'BGKT DDR EXPRESS','JU','DDR','13:50:00','22:40:00','Scheduled',507),(14808,'DADAR JU EXP','ADI','JU','08:55:00','18:25:00','Scheduled',298),(15013,'RANIKHET EXP','JSM','KGM','20:24:00','20:41:00','Scheduled',213),(15014,'RANIKHET EXP','KGM','JSM','04:30:00','10:00:00','Scheduled',214),(15023,'GKP YPR EXPRESS','GKP','YPR','20:10:00','10:30:00','Scheduled',223),(15045,'GKP OKHA EXP','ADI','OKHA','17:55:00','03:10:00','Scheduled',202),(15046,'OKHA GKP EXP','ADI','CNB','08:25:00','11:30:00','Scheduled',284),(15128,'KASHI V NATH EX','NDLS','BSBS','11:35:00','04:40:00','Scheduled',274),(15227,'MUZAFFARPUR EXP','SMVB','MFP','00:30:00','11:36:00','Scheduled',427),(15228,'MFP SMVB EXP','MFP','SMVB','22:25:00','03:00:00','Scheduled',428),(15270,'JANSADARAN EXP','SBIB','CNB','18:10:00','14:05:00','Scheduled',289),(15484,'MAHANANDA EXP','DLI','DDU','07:35:00','21:23:00','Scheduled',214),(15560,'ANTYODAYA EXP','ADI','BSB','21:05:00','23:25:00','Scheduled',218),(15623,'BGKT KYQ EXP','DLI','BSB','04:55:00','22:30:00','Scheduled',231),(15635,'GUWAHATI EXPRES','ADI','BSB','21:40:00','05:40:00','Scheduled',242),(15636,'GHY OKHA EXP','ADI','OKHA','13:55:00','23:05:00','Scheduled',281),(15657,'BRAHMPUTRA MAIL','DLI','DDU','23:40:00','11:00:00','Scheduled',238),(15667,'KAMAKHYA EXP','ADI','BSB','21:40:00','05:40:00','Scheduled',250),(15668,'KYQ GIMB EXP','ADI','GIMB','13:55:00','21:20:00','Scheduled',289),(15707,'KIR ASR SPECIAL','DLI','ASR','03:20:00','12:20:00','Scheduled',280),(15715,'GARIB NAWAZ EXP','KNE','AII','13:30:00','19:00:00','Scheduled',415),(15716,'GARIB NAWAZ EXP','AII','KNE','18:57:00','19:18:00','Scheduled',416),(16004,'NSL MAS WKLY EXP','NSL','MAS','00:50:00','15:40:00','Scheduled',204),(16021,'KAVERI EXPRESS','MAS','MYS','21:15:00','03:45:00','Scheduled',221),(16022,'KAVERI EXPRESS','MYS','MAS','00:02:00','06:45:00','Scheduled',222),(16031,'ANDAMAN EXPRESS','MAS','SVDK','05:15:00','20:55:00','Scheduled',231),(16032,'ANDAMAN EXPRESS','SVDK','MAS','14:00:00','07:00:00','Scheduled',232),(16209,'AII MYS EXP','AII','MYS','14:10:00','21:25:00','Scheduled',409),(16210,'AJMER EXPRESS','MYS','AII','22:20:00','22:40:00','Scheduled',410),(16311,'SGNR KCVL EXP','SGNR','KCVL','07:45:00','15:30:00','Scheduled',511),(16312,'KCVL SGNR EXP','ADI','SGNR','06:50:00','02:05:00','Scheduled',236),(16331,'TRIVANDRAM EXP','CSMT','TVC','20:35:00','15:29:00','Scheduled',531),(16332,'TVC CSMT EXP','TVC','CSMT','20:00:00','19:15:00','Scheduled',532),(16333,'VRL TVC EXP','VRL','TVC','15:30:00','00:00:00','Scheduled',533),(16334,'VERAVAL EXPRESS','ADI','VRL','06:50:00','15:35:00','Scheduled',248),(16335,'GIMB NCJ EXP','GIMB','NCJ','15:30:00','00:00:00','Scheduled',535),(16336,'GANDHIDHAM EXP','ADI','GIMB','06:50:00','12:00:00','Scheduled',225),(16337,'OKHA ERS EXP','OKHA','ERS','15:30:00','00:00:00','Scheduled',537),(16338,'ERS OKHA EXP','ADI','OKHA','06:50:00','16:30:00','Scheduled',266),(16345,'NETRAVATI EXP','LTT','TVC','11:40:00','03:00:00','Scheduled',545),(16346,'NETHRAVATHI EXP','UD','MAO','00:40:00','04:35:00','Scheduled',246),(16351,'NAGARCOIL EXP','CSMT','NCJ','20:35:00','19:30:00','Scheduled',551),(16352,'NCJ CSMT EXP','NCJ','CSMT','18:30:00','19:15:00','Scheduled',552),(16505,'GIMB SBC EXP','GIMB','SBC','14:10:00','21:25:00','Scheduled',205),(16506,'GANDHIDHAM EXP','SBC','GIMB','22:20:00','22:40:00','Scheduled',206),(16507,'JU SBC EXPRESS','JU','SBC','14:10:00','21:25:00','Scheduled',207),(16508,'JODHPUR EXP','SBC','JU','22:20:00','22:40:00','Scheduled',208),(16515,'KARWAR EXPRESS','YPR','KAWR','07:00:00','18:00:00','Scheduled',215),(16516,'KAWR YPR EXP','KAWR','YPR','08:40:00','20:45:00','Scheduled',216),(16531,'AII SBC G NAWAJ','AII','SBC','14:10:00','21:25:00','Scheduled',231),(16532,'GARIB NAWAZ EXP','SBC','AII','17:00:00','22:40:00','Scheduled',232),(16533,'JU SBC EXP','JU','SBC','14:10:00','21:25:00','Scheduled',233),(16534,'JODHPUR EXP','SBC','JU','17:00:00','22:40:00','Scheduled',234),(16585,'SMVB MRDW EXP','SMVB','MRDW','20:30:00','10:40:00','Scheduled',285),(16586,'MRDW SMVB EXP','MRDW','SMVB','15:50:00','07:15:00','Scheduled',286),(16587,'BIKANER EXP','YPR','BKN','11:30:00','13:20:00','Scheduled',287),(16588,'BKN YPR EXP','BKN','YPR','07:10:00','13:50:00','Scheduled',288),(16595,'PANCHAGANGA EXP','SBC','KAWR','18:50:00','04:16:00','Scheduled',295),(16596,'PANCHAGANGA EXP','KAWR','SBC','21:04:00','06:43:00','Scheduled',296),(16613,'RJT CBE EXP','RJT','CBE','09:40:00','16:40:00','Scheduled',313),(16614,'CBE RJT EXPRESS','CBE','RJT','07:00:00','06:00:00','Scheduled',314),(16733,'RMM OKHA EXP','ADI','OKHA','01:00:00','10:30:00','Scheduled',299),(16734,'OKHA RMM EXP','ADI','ST','17:40:00','21:15:00','Scheduled',228),(17015,'VISAKHA EXPRESS','VSKP','SC','16:30:00','07:30:00','Scheduled',240),(17020,'HYB HSR EXPRESS','HYB','HSR','15:10:00','05:25:00','Scheduled',220),(17057,'DEVAGIRI EXPRESS','CSMT','LPI','21:30:00','15:40:00','Scheduled',257),(17058,'DEVAGIRI EXP','LPI','CSMT','12:25:00','07:10:00','Scheduled',258),(17221,'COA LTT EXPRESS','COA','LTT','20:25:00','11:00:00','Scheduled',421),(17222,'LTT COA EXPRESS','LTT','COA','13:15:00','02:05:00','Scheduled',422),(17311,'MAS UBL SF EXP','MAS','UBL','15:00:00','21:50:00','Scheduled',511),(17312,'VSG CHENNAI EXP','YPR','MAS','04:45:00','11:40:00','Scheduled',271),(17603,'KCG YNK EXP','KCG','YNK','21:05:00','09:35:00','Scheduled',303),(17652,'KCG CGL EXPRESS','KCG','PDY','17:00:00','07:05:00','Scheduled',352),(17653,'KCG PDY EXPRESS','KCG','PDY','17:00:00','07:05:00','Scheduled',353),(18029,'LTT SHALIMAR EXP','LTT','SHM','22:00:00','11:40:00','Scheduled',229),(18030,'SHM LTT EXPRESS','SHM','LTT','15:10:00','04:05:00','Scheduled',230),(18045,'EAST COAST EXP','SHM','HYB','11:25:00','17:45:00','Scheduled',245),(18046,'EAST COAST EXP','HYB','SHM','08:00:00','14:35:00','Scheduled',246),(18101,'TATA JAT EXP','DLI','ASR','21:25:00','08:00:00','Scheduled',281),(18111,'TATA YPR EXP','TATA','YPR','21:00:00','13:40:00','Scheduled',311),(18112,'YPR TATA EXP','YPR','TATA','12:30:00','06:03:00','Scheduled',312),(18237,'CHATTISGARH EXP','NZM','ASR','20:05:00','06:55:00','Scheduled',299),(18309,'SBP JAT EXPRESS','DLI','ASR','21:25:00','08:00:00','Scheduled',262),(18428,'ANVT PURI EXP','ANVT','DDU','17:20:00','02:50:00','Scheduled',261),(18503,'VSKP SNSI EXP','VSKP','SC','08:20:00','20:15:00','Scheduled',205),(18519,'VSKP LTT EXPRES','VSKP','LTT','12:55:00','04:15:00','Scheduled',219),(18520,'LTT VSKP EXPRESS','LTT','VSKP','06:55:00','20:30:00','Scheduled',220),(19009,'BARMER HUMSAFAR','ADI','BME','03:30:00','13:30:00','Scheduled',259),(19010,'BDTS HUMSAFAR','BME','BDTS','07:50:00','15:50:00','Scheduled',210),(19015,'SAURASHTRA EXP','ADI','PBR','20:25:00','05:30:00','Scheduled',267),(19016,'SAURASHTRA EXP','PBR','MMCT','07:35:00','19:30:00','Scheduled',216),(19019,'BDTS HW EXP','BDTS','HW','00:20:00','02:35:00','Scheduled',219),(19020,'HW BDTS EXP','HW','BDTS','18:55:00','22:55:00','Scheduled',220),(19027,'JAT VIVEK EXP','ADI','JAT','19:05:00','23:25:00','Scheduled',248),(19028,'JAT BDTS EXP','JAT','BDTS','07:10:00','14:50:00','Scheduled',228),(19031,'YOGA EXPRESS','ADI','YNRK','10:50:00','04:50:00','Scheduled',231),(19032,'YOGA EXPRESS','YNRK','ADI','22:55:00','03:20:00','Scheduled',232),(19034,'GUJARAT QUEEN','ADI','ST','18:10:00','23:02:00','Scheduled',278),(19036,'ADI BRC INTERCITY EXP','ADI','BRC','14:00:00','16:50:00','Scheduled',245),(19055,'BL JODHPUR EXP','ADI','JU','23:50:00','08:20:00','Scheduled',223),(19056,'JU BL EXP','ADI','ST','03:10:00','07:10:00','Scheduled',295),(19165,'SABARMATI EXP','ADI','CNB','23:10:00','23:25:00','Scheduled',252),(19167,'SABARMATI EXP','ADI','BSB','23:10:00','09:45:00','Scheduled',244),(19203,'BDTS VRL EXP','BDTS','VRL','19:25:00','23:19:00','Scheduled',403),(19204,'VRL BDTS EXP','VRL','BDTS','07:45:00','15:50:00','Scheduled',404),(19217,'SAURASHTRA JANTA','ADI','VRL','22:20:00','07:10:00','Scheduled',239),(19218,'SAURASHTRA JANTA','VRL','BDTS','20:15:00','05:45:00','Scheduled',418),(19259,'KCVL BVC EXPRES','ADI','BVC','06:50:00','12:25:00','Scheduled',288),(19260,'BVC KCVL EXP','BVC','KCVL','15:30:00','00:00:00','Scheduled',460),(19269,'PBR MFP EXPRESS','PBR','MFP','18:57:00','19:18:00','Scheduled',469),(19270,'PBR EXPRESS','MFP','PBR','13:05:00','18:20:00','Scheduled',470),(19301,'DADN YPR EXP','DADN','YPR','22:15:00','10:50:00','Scheduled',501),(19309,'SHANTI EXPRESS','ADI','INDB','19:10:00','05:55:00','Scheduled',242),(19310,'SHANTI EXP','ADI','GNC','08:35:00','09:45:00','Scheduled',206),(19319,'VRL INDB MAHMANA','ADI','INDB','06:40:00','17:05:00','Scheduled',286),(19320,'INDB VRL MAHMANA','ADI','VRL','08:05:00','16:20:00','Scheduled',205),(19325,'INDB AMRITSAR EX','NZM','ASR','11:40:00','22:05:00','Scheduled',202),(19337,'INDB DEE EXP','INDB','DEE','06:55:00','12:20:00','Scheduled',537),(19338,'DEE INDB EXP','DEE','INDB','15:00:00','19:20:00','Scheduled',538),(19401,'ADI LUCKNOW EX','SBIB','LKO','10:05:00','20:30:00','Scheduled',601),(19407,'ADI VARANASI EX','SBIB','BSB','22:00:00','14:55:00','Scheduled',607),(19408,'BSB ADI EXPRESS','BSB','SBIB','06:55:00','11:10:00','Scheduled',608),(19409,'ADI GKP EXP','SBIB','CNB','10:05:00','09:00:00','Scheduled',253),(19413,'ADI KOLKATA EXP','ADI','KOAA','21:05:00','15:15:00','Scheduled',613),(19415,'ADI SVDK EXP','SBIB','SVDK','20:37:00','07:10:00','Scheduled',615),(19418,'ADI-MMCT EXP','ADI','BVI','23:35:00','14:05:00','Scheduled',618),(19421,'ADI PNBE EXP','ADI','BSB','21:50:00','23:40:00','Scheduled',281),(19435,'ADI ASN EXP','ADI','ST','00:35:00','04:38:00','Scheduled',266),(19483,'ADI BJU EXP','ADI','ST','00:35:00','04:38:00','Scheduled',204),(19489,'ADI GKP EXP','ADI','BSB','09:10:00','12:20:00','Scheduled',208),(19565,'OKHA DDN EXP','OKHA','DDN','10:40:00','19:20:00','Scheduled',265),(19566,'UTTARANCHAL EXP','DDN','OKHA','05:55:00','14:05:00','Scheduled',266),(19567,'VIVEK EXPRESS','TN','OKHA','11:45:00','09:10:00','Scheduled',267),(19568,'VIVEK EXPRESS','OKHA','TN','09:40:00','16:40:00','Scheduled',268),(19575,'OKHA  NDT EXP','ADI','NDT','17:20:00','06:25:00','Scheduled',217),(19576,'NDT OKHA EXP','ADI','OKHA','09:40:00','18:50:00','Scheduled',212),(19577,'TEN JAM EXPRESS','ADI','JAM','22:45:00','04:25:00','Scheduled',204),(19578,'JAM TEN EXP','JAM','TEN','03:15:00','11:25:00','Scheduled',278),(19601,'UDZ NJP EXP','UDZ','NJP','09:15:00','14:55:00','Scheduled',301),(19602,'NJP UDZ EXPRESS','NJP','UDZ','12:50:00','19:00:00','Scheduled',302),(19609,'UDZ YNRK EXP','UDZ','YNRK','02:15:00','03:29:00','Scheduled',309),(19610,'UDAIPUR EXPRESS','YNRK','UDZ','01:02:00','06:10:00','Scheduled',310),(19667,'MYS HUMSAFAR EXP','UDZ','MYS','12:27:00','13:25:00','Scheduled',367),(19668,'UDZ HUMSAFAR EXP','MYS','UDZ','12:15:00','12:35:00','Scheduled',368),(19701,'SAINIK EXPRESS','JP','DEC','20:45:00','05:15:00','Scheduled',401),(19702,'SAINIK EXPRESS','DEC','JP','00:07:00','08:15:00','Scheduled',402),(19714,'KRNT JP EXP','KRNT','JP','21:20:00','06:45:00','Scheduled',414),(20408,'RNC RAJDHANI','NDLS','DDU','16:10:00','01:07:00','Scheduled',288),(20474,'CHETAK EXPRESS','UDZ','DEE','04:35:00','05:05:00','Scheduled',674),(20475,'BKN PUNE SF EXP','BKN','PUNE','20:00:00','03:20:00','Scheduled',675),(20476,'PUNE BKN SF EXP','ADI','BKN','07:35:00','20:40:00','Scheduled',237),(20481,'TPJ SF HUMSAFAR','BGKT','TPJ','21:30:00','09:40:00','Scheduled',681),(20483,'BGKT DDR EXP','BGKT','DDR','04:40:00','12:50:00','Scheduled',683),(20484,'DDR BGKT SF EXP','ADI','BGKT','23:00:00','07:20:00','Scheduled',261),(20487,'MALANI EXPRESS','BME','DLI','07:00:00','12:50:00','Scheduled',687),(20488,'MALANI EXPRESS','DLI','BME','16:10:00','20:45:00','Scheduled',688),(20498,'RMM HUMSAFAR SF','FZR','MMM','17:30:00','09:40:00','Scheduled',698),(20502,'AGTL TEJAS RAJ','ANVT','DDU','19:50:00','04:42:00','Scheduled',290),(20504,'DBRG RAJDHANI','NDLS','BSB','11:25:00','22:50:00','Scheduled',229),(20506,'DBRG RAJDHANI','NDLS','BSB','11:25:00','22:50:00','Scheduled',205),(20607,'MYS VANDEBHARAT','MAS','MYS','05:50:00','10:10:00','Scheduled',307),(20608,'MAS VANDEBHARAT','SBC','MAS','14:55:00','19:20:00','Scheduled',200),(20663,'MAS VANDE BHARAT','SBC','MAS','07:50:00','12:25:00','Scheduled',220),(20664,'MYS VANDEBHARAT','MAS','MYS','17:00:00','21:25:00','Scheduled',364),(20703,'YPR VANDEBHARAT','KCG','YPR','05:45:00','14:00:00','Scheduled',403),(20708,'VANDE BHARAT EXP','VSKP','SC','14:35:00','23:20:00','Scheduled',266),(20802,'MAGADH EXPRESS','NDLS','DDU','21:05:00','09:05:00','Scheduled',281),(20803,'VSKP GIMB SF','ADI','GIMB','00:55:00','06:15:00','Scheduled',235),(20804,'GIMB VSKP SF EX','ADI','ST','04:10:00','07:51:00','Scheduled',248),(20805,'AP EXPRESS','VSKP','NDLS','22:00:00','05:40:00','Scheduled',280),(20807,'HIRAKUD EXPRESS','NDLS','ASR','14:45:00','23:25:00','Scheduled',271),(20809,'SBP NED S F','VSKP','SC','20:00:00','07:35:00','Scheduled',268),(20811,'VSKP NED SF','VSKP','SC','20:00:00','07:35:00','Scheduled',219),(20818,'BBS TEJAS RAJ','NDLS','DDU','17:00:00','01:47:00','Scheduled',228),(20819,'PURI OKHA SF','ADI','OKHA','00:55:00','10:10:00','Scheduled',257),(20820,'OKHA PURI EXP','ADI','ST','04:10:00','07:51:00','Scheduled',221),(20821,'PUNE SRC HUMSAFR','PUNE','SRC','13:05:00','18:35:00','Scheduled',521),(20822,'PUNE HUMSAFAR','SRC','PUNE','18:00:00','23:40:00','Scheduled',522),(20823,'PURI AII S F','ADI','AII','09:55:00','18:40:00','Scheduled',218),(20824,'AII PURI SF EXP','ADI','ST','03:20:00','07:10:00','Scheduled',261),(20833,'VANDE BHARAT EXP','VSKP','SC','05:45:00','14:15:00','Scheduled',228),(20840,'NDLS RNC RAJ EX','NDLS','DDU','16:10:00','01:07:00','Scheduled',293),(20862,'ADI PURI EXP','ADI','ST','19:00:00','22:50:00','Scheduled',240),(20901,'VANDE BHARAT EXP','ADI','GNC','11:30:00','12:25:00','Scheduled',262),(20902,'VANDE BHARAT EXP','GNC','MMCT','15:00:00','20:25:00','Scheduled',602),(20907,'SAYAJINAGRI EXP','ADI','BHUJ','23:35:00','06:30:00','Scheduled',274),(20908,'SAYAJINAGRI EXP','BHUJ','DDR','05:20:00','13:50:00','Scheduled',608),(20909,'KCVL PBR SF EXP','ADI','PBR','22:45:00','07:25:00','Scheduled',297),(20910,'PBR KCVL EXP','PBR','KCVL','03:15:00','11:25:00','Scheduled',610),(20913,'RJT DEE EXPRESS','RJT','DEE','09:27:00','09:55:00','Scheduled',613),(20914,'DEE RJT EXPRESS','DEE','RJT','13:40:00','18:20:00','Scheduled',614),(20915,'LPI INDB HUMSAFR','LPI','INDB','21:40:00','12:00:00','Scheduled',615),(20916,'INDB LPI HUMSAFR','INDB','LPI','00:25:00','12:55:00','Scheduled',616),(20919,'MAS EKNR SF EXP','MAS','EKNR','22:40:00','20:25:00','Scheduled',619),(20920,'EKNR MAS SF EXP','EKNR','MAS','15:45:00','15:25:00','Scheduled',620),(20923,'GIMB HUMSAFAR','ADI','GIMB','21:45:00','02:25:00','Scheduled',258),(20924,'TEN HUMSAFAR','GIMB','TEN','09:20:00','16:55:00','Scheduled',624),(20931,'KCVL INDB SF EX','UD','MAO','23:38:00','03:50:00','Scheduled',210),(20932,'INDB KCVL EXP','INDB','KCVL','11:30:00','01:10:00','Scheduled',632),(20935,'GIMB INDB SFAST','ADI','INDB','23:15:00','08:55:00','Scheduled',282),(20936,'INDB GIMB SFAST','ADI','GIMB','09:15:00','14:05:00','Scheduled',276),(20937,'PBR DEE EXPRESS','PBR','DEE','18:57:00','19:30:00','Scheduled',637),(20938,'DEE PBR EXPRESS','DEE','PBR','08:10:00','12:55:00','Scheduled',638),(20939,'ADI SLN SF EXP','SBIB','SLN','08:20:00','23:10:00','Scheduled',639),(20940,'SLN ADI SF EXP','SLN','SBIB','06:55:00','11:00:00','Scheduled',640),(20943,'BGKT HAMSAFAR','ADI','BGKT','05:20:00','13:20:00','Scheduled',261),(20944,'BGKT BDTS HMSFR','BGKT','BDTS','00:45:00','07:35:00','Scheduled',644),(20947,'JAN SHATABDI EX','ADI','EKNR','07:55:00','10:40:00','Scheduled',236),(20953,'MAS ADI SF EXP','MAS','ADI','15:50:00','14:20:00','Scheduled',653),(20954,'ADI MAS SFAST','ADI','ST','09:40:00','13:00:00','Scheduled',249),(20955,'SURAT MAHUVA SF','ADI','MHV','02:00:00','09:10:00','Scheduled',205),(20956,'MAHUVA SURAT SF','ADI','ST','02:25:00','06:35:00','Scheduled',205),(20959,'BL VADNAGAR SUP','ADI','VDG','10:20:00','13:00:00','Scheduled',235),(20960,'VDG VALSAD SUP','ADI','ST','19:35:00','23:14:00','Scheduled',254),(20967,'SC PBR SF EXP','SC','PBR','15:10:00','06:00:00','Scheduled',667),(20968,'PBR SC SF EXP','PBR','SC','09:40:00','16:40:00','Scheduled',668),(20973,'RMM HUMSAFAR SF','FZR','MMM','17:30:00','09:40:00','Scheduled',673),(20977,'DEC  VANDEBHARAT','AII','CDG','07:50:00','11:30:00','Scheduled',677),(20978,'AII VANDEBHARAT','CDG','AII','18:33:00','22:05:00','Scheduled',678),(20986,'MCTM KOTA EXP','MCTM','KOTA','06:10:00','06:21:00','Scheduled',686),(22101,'LTT MADURAI EXP','LTT','MDU','13:15:00','10:58:00','Scheduled',301),(22102,'MDU LTT SF EXP','MDU','LTT','22:10:00','20:30:00','Scheduled',302),(22113,'LTT KCVL SF EXP','LTT','KCVL','16:45:00','06:30:00','Scheduled',313),(22114,'KCVL LTT SF EXP','UD','MAO','13:40:00','17:00:00','Scheduled',280),(22125,'NGP ASR AC EXP','NDLS','ASR','12:10:00','19:00:00','Scheduled',291),(22138,'PRERANA EXPRESS','ADI','NGP','18:30:00','22:25:00','Scheduled',338),(22149,'ERS PUNE SF EXP','UD','MAO','13:40:00','17:00:00','Scheduled',283),(22150,'PUNE ERS SF EXP','PUNE','ERS','21:25:00','09:36:00','Scheduled',350),(22157,'CSMT MS SF MAIL','CSMT','MS','22:52:00','22:15:00','Scheduled',357),(22158,'MS CSMT SF EXP','MS','CSMT','06:20:00','05:50:00','Scheduled',358),(22159,'CSMT CHENNAI EXP','CSMT','MAS','12:45:00','10:45:00','Scheduled',359),(22160,'MAS CSMT SF EXP','MAS','CSMT','13:15:00','12:30:00','Scheduled',360),(22179,'LTT CHENNAI EXP','LTT','MAS','13:15:00','11:00:00','Scheduled',379),(22180,'MAS LTT SF EXP','MAS','LTT','15:50:00','14:25:00','Scheduled',380),(22185,'ADI PUNE SF','ADI','PUNE','20:15:00','03:20:00','Scheduled',385),(22203,'DURONTO EXPRESS','VSKP','SC','19:50:00','06:25:00','Scheduled',274),(22209,'NDLS DURONTO','MMCT','NDLS','23:10:00','15:55:00','Scheduled',409),(22210,'MMCT DURONTO','NDLS','MMCT','22:10:00','15:50:00','Scheduled',410),(22221,'NZM RAJDHANI','CSMT','NZM','16:00:00','09:55:00','Scheduled',421),(22222,'CSMT RAJDHANI','NZM','CSMT','16:55:00','11:15:00','Scheduled',422),(22305,'SMVB JSME EXP','SMVB','JSME','10:15:00','20:35:00','Scheduled',505),(22306,'JSME SMVT EXP','JSME','SMVB','11:53:00','13:50:00','Scheduled',506),(22307,'HWH BKN EXPRESS','HWH','BKN','23:25:00','23:55:00','Scheduled',507),(22308,'BKN HWH SF EXP','BKN','HWH','04:45:00','04:55:00','Scheduled',508),(22351,'PPTA SMVB EXP','PPTA','SMVB','10:35:00','16:35:00','Scheduled',551),(22352,'PATLIPUTRA EXP','SMVB','PER','13:50:00','19:30:00','Scheduled',234),(22353,'HUMSAFAR EXP','PNBE','SMVB','10:30:00','17:05:00','Scheduled',553),(22354,'HUMSAFAR EXP','SMVB','PER','13:50:00','19:30:00','Scheduled',209),(22403,'PDY NDLS SF EXP','PDY','NDLS','13:10:00','00:10:00','Scheduled',603),(22404,'NDLS PDY SF EXP','NDLS','PDY','23:15:00','09:40:00','Scheduled',604),(22406,'BGP GARIB RATH','ANVT','DDU','17:20:00','02:37:00','Scheduled',220),(22410,'GAYA GARIB RATH','ANVT','DDU','20:20:00','06:07:00','Scheduled',224),(22413,'MAO NZM RAJDHANI','MAO','NZM','18:05:00','12:30:00','Scheduled',613),(22414,'NZM MAO RAJDANI','NZM','MAO','06:16:00','23:05:00','Scheduled',614),(22416,'VANDE BHARAT EXP','NDLS','BSB','15:00:00','23:05:00','Scheduled',272),(22418,'MAHAMANA EXP','NDLS','BSB','18:40:00','08:25:00','Scheduled',224),(22422,'JU DEE EXP','JU','DEE','21:30:00','22:25:00','Scheduled',622),(22428,'BHRIGU SUP EXP','ANVT','BSB','23:55:00','11:10:00','Scheduled',230),(22429,'DLI PTK EXP','DLI','ASR','08:15:00','15:20:00','Scheduled',294),(22436,'VANDE BHARAT EX','NDLS','BSB','06:00:00','14:00:00','Scheduled',272),(22444,'BDTS KANPUR SUP','BDTS','CNB','05:10:00','08:30:00','Scheduled',644),(22450,'PORVOTR S KRNTI','NDLS','DDU','23:45:00','10:50:00','Scheduled',231),(22451,'BDTS CDG SF EXP','BDTS','CDG','19:05:00','10:18:00','Scheduled',651),(22452,'CDG BDTS EXP','CDG','BDTS','00:45:00','07:35:00','Scheduled',652),(22457,'VANDE BHARAT EXP','ANVT','DDN','17:50:00','22:35:00','Scheduled',657),(22458,'VANDE BHARAT EX','DDN','ANVT','07:00:00','11:45:00','Scheduled',658),(22460,'BV DHAM HUMSAFR','ANVT','DDU','12:45:00','22:02:00','Scheduled',247),(22463,'RJSTHN S KRANTI','DEE','BKN','21:42:00','01:30:00','Scheduled',663),(22464,'RJSTHN S KRANTI','BKN','DEE','05:21:00','05:50:00','Scheduled',664),(22466,'BABA V DHAM EXP','ANVT','DDU','12:45:00','22:02:00','Scheduled',283),(22467,'BSB GNC EXP','ADI','GNC','14:25:00','15:20:00','Scheduled',272),(22468,'GNC BSB EXP','ADI','BSB','00:10:00','23:15:00','Scheduled',259),(22471,'BKN DEE EXP','BKN','DEE','16:50:00','17:20:00','Scheduled',671),(22473,'BKN BDTS SF EXP','BKN','BDTS','04:10:00','12:00:00','Scheduled',673),(22474,'BDTS BKN SF EXP','ADI','BKN','21:45:00','10:20:00','Scheduled',247),(22475,'HSR CBE AC EXP','HSR','CBE','07:45:00','15:30:00','Scheduled',675),(22476,'CBE HSR AC EXP','ADI','HSR','21:35:00','16:00:00','Scheduled',295),(22481,'JU DEE SF EXP','JU','DEE','04:52:00','05:20:00','Scheduled',681),(22487,'VANDE BHARAT EXP','DLI','ASR','15:15:00','20:45:00','Scheduled',253),(22497,'TPJ HUMSFAR EXP','SGNR','TPJ','07:45:00','14:07:00','Scheduled',697),(22498,'SGNR HUMSAFAR','TPJ','SGNR','10:50:00','12:00:00','Scheduled',698),(22501,'NEWTINSUKIA EXP','SMVB','NTSK','03:10:00','11:36:00','Scheduled',201),(22502,'NTSK SMVB EXP','NTSK','SMVB','00:15:00','03:10:00','Scheduled',202),(22511,'KARMABHOOMI EXP','LTT','KYQ','13:15:00','19:13:00','Scheduled',211),(22512,'KARMABHOOMI EXP','KYQ','LTT','13:39:00','21:30:00','Scheduled',212),(22533,'GKP YPR SUP','GKP','YPR','13:45:00','02:45:00','Scheduled',233),(22542,'BSBS GARIB RATH','ANVT','BSBS','18:15:00','08:10:00','Scheduled',239),(22582,'NDLS BUI SF EXP','NDLS','BSB','22:50:00','10:40:00','Scheduled',222),(22601,'MAS SNSI SF EXP','MAS','SNSI','10:20:00','15:33:00','Scheduled',301),(22602,'SNSI CHENNAI EXP','KJM','MAS','03:25:00','09:25:00','Scheduled',209),(22625,'SBC DBLDECK EXP','MAS','SBC','07:25:00','13:10:00','Scheduled',325),(22626,'MAS DOUBLE DECK','SBC','MAS','14:42:00','20:35:00','Scheduled',326),(22629,'DADAR TEN EXP','DR','TEN','20:40:00','10:40:00','Scheduled',329),(22630,'TEN DR SF EXP','UD','MAO','23:38:00','03:50:00','Scheduled',273),(22632,'BKN MDU SF EXP','BKN','MDU','21:30:00','10:00:00','Scheduled',332),(22633,'TVC NZM SF EXP','TVC','NZM','18:05:00','12:30:00','Scheduled',333),(22634,'NZM TVC EXPRESS','NZM','TVC','22:15:00','16:55:00','Scheduled',334),(22641,'SHALIMAR SF EXP','TVC','SHM','09:15:00','11:55:00','Scheduled',341),(22642,'SHM TVC SUF EXP','SHM','TVC','23:50:00','03:00:00','Scheduled',342),(22653,'TVC NZM SF EXP','TVC','NZM','02:55:00','22:40:00','Scheduled',353),(22654,'NZM TVC SF EXP','NZM','TVC','05:00:00','00:26:00','Scheduled',354),(22655,'ERS NZM SF EXP','ERS','NZM','02:55:00','22:40:00','Scheduled',355),(22656,'NZM ERS SF EXP','NZM','ERS','05:00:00','00:26:00','Scheduled',356),(22659,'KCVL YNRK SF EX','KCVL','YNRK','12:45:00','05:50:00','Scheduled',359),(22660,'YNRK KCVL EXP','YNRK','KCVL','13:20:00','07:35:00','Scheduled',360),(22663,'MS JODHPUR EXP','ADI','JU','23:50:00','08:20:00','Scheduled',255),(22664,'JU MS SF EXPRESS','ADI','ST','08:05:00','11:40:00','Scheduled',216),(22673,'BGKT MQ SF EXP','BGKT','MQ','21:30:00','09:40:00','Scheduled',373),(22681,'CHENNAI EXPRESS','MYS','MAS','23:12:00','04:55:00','Scheduled',381),(22682,'MAS MYS SF EXP','MAS','MYS','23:30:00','05:20:00','Scheduled',382),(22684,'LKO YPR SF EXP','LKO','YPR','01:10:00','13:30:00','Scheduled',384),(22685,'CDG SKRANTI EXP','YPR','CDG','14:30:00','11:55:00','Scheduled',385),(22686,'KARNTK S KRANTI','CDG','YPR','08:15:00','05:25:00','Scheduled',386),(22689,'ADI YPR SUP FAST','ADI','ST','19:00:00','22:50:00','Scheduled',239),(22691,'RAJDHANI EXP','SBC','NZM','20:00:00','05:30:00','Scheduled',391),(22692,'SBC RAJDHANI','NZM','SBC','19:50:00','05:20:00','Scheduled',392),(22697,'UBL CHENNAI EXP','UBL','MAS','04:45:00','11:40:00','Scheduled',397),(22698,'MAS UBL SF EXP','MAS','UBL','15:00:00','21:35:00','Scheduled',398),(22705,'JAT HUMSAFAR','TPTY','JAT','08:50:00','08:26:00','Scheduled',405),(22717,'RJT SC SUP EXP','RJT','SC','09:40:00','16:40:00','Scheduled',417),(22718,'RAJKOT SF EXP','SC','RJT','15:10:00','06:00:00','Scheduled',418),(22723,'NED SGNR SF EXP','ADI','SGNR','00:35:00','19:00:00','Scheduled',223),(22724,'SGNR NED SF EXP','ADI','ST','08:05:00','11:40:00','Scheduled',203),(22731,'MUMBAI EXP','HYB','CSMT','22:35:00','13:05:00','Scheduled',431),(22732,'HYDERABAD EXP','CSMT','HYB','14:10:00','04:30:00','Scheduled',432),(22737,'SC HSR SF EXP','ADI','HSR','23:50:00','18:35:00','Scheduled',258),(22738,'HSR SC EXP','ADI','ST','08:05:00','11:40:00','Scheduled',230),(22806,'ANVT BBS SF EXP','ANVT','DDU','08:00:00','18:58:00','Scheduled',256),(22807,'MAS SUF AC EXP','SRC','MAS','18:00:00','20:30:00','Scheduled',507),(22808,'MAS SRC AC EXP','MAS','SRC','08:10:00','10:25:00','Scheduled',508),(22812,'BBS TEJAS RAJ','NDLS','DDU','17:00:00','01:47:00','Scheduled',201),(22818,'MYS HOWRAH EXP','MYS','HWH','02:10:00','10:55:00','Scheduled',518),(22824,'BBS TEJAS RAJ','NDLS','DDU','17:00:00','01:47:00','Scheduled',231),(22825,'SHM MAS SF EXP','SHM','MAS','12:20:00','14:10:00','Scheduled',525),(22826,'MAS SHM SF EXP','MAS','SHM','19:50:00','23:55:00','Scheduled',526),(22829,'BHUJ SHM EXP','BHUJ','SHM','21:40:00','09:35:00','Scheduled',529),(22830,'SHM BHUJ  SF EXP','ADI','BHUJ','08:05:00','14:45:00','Scheduled',296),(22841,'SRC MAS ANTYODAYA EXPRESS','SRC','TBM','18:00:00','22:00:00','Scheduled',541),(22842,'MAS SRC ANTYODAYA','TBM','SRC','07:15:00','10:25:00','Scheduled',542),(22849,'SHM SC SUF EXP','SHM','SC','12:20:00','14:20:00','Scheduled',549),(22850,'SC SHM WKLY SF','SC','SHM','03:55:00','06:07:00','Scheduled',550),(22857,'SRC ANVT SF EXP','SRC','ANVT','10:00:00','08:50:00','Scheduled',557),(22858,'ANVT SRC SF EXP','ANVT','SRC','13:25:00','16:24:00','Scheduled',558),(22864,'SMVB HWH AC EXP','SMVB','HWH','11:20:00','16:50:00','Scheduled',564),(22882,'BBS PUNE S F','VSKP','SC','04:10:00','16:19:00','Scheduled',247),(22888,'HWH HUMSAFAR','SMVB','HWH','10:15:00','18:30:00','Scheduled',588),(22903,'BHUJ AC SF EXP','ADI','BHUJ','06:35:00','12:45:00','Scheduled',284),(22904,'BDTS SF AC EXP','BHUJ','BDTS','22:10:00','04:55:00','Scheduled',604),(22905,'OKHA SHM SF EXP','OKHA','SHM','17:40:00','03:35:00','Scheduled',605),(22906,'SHM OKHA SF EXP','SHM','OKHA','20:30:00','02:17:00','Scheduled',606),(22907,'MAO HAPA SF EXP','ADI','HAPA','03:55:00','09:35:00','Scheduled',204),(22908,'HAPA MAO SF EXP','HAPA','MAO','03:15:00','11:25:00','Scheduled',608),(22915,'BDTS HSR SF EXP','ADI','HSR','19:35:00','12:30:00','Scheduled',218),(22916,'HSR BDTS SF EXP','HSR','BDTS','08:05:00','15:50:00','Scheduled',616),(22917,'BDTS HW SF EXP','BDTS','HW','12:45:00','08:35:00','Scheduled',617),(22918,'HW BDTS SF EXP','HW','BDTS','22:15:00','16:50:00','Scheduled',618),(22919,'ADI HUMSAFAR','MAS','ADI','16:00:00','14:20:00','Scheduled',619),(22920,'ADI MAS HUMSAFAR','ADI','MAS','09:40:00','15:50:00','Scheduled',620),(22923,'JAM HUMSAFAR','ADI','JAM','08:05:00','14:20:00','Scheduled',261),(22924,'BDTS HUMSAFAR','JAM','BDTS','02:05:00','09:30:00','Scheduled',624),(22925,'OKHA VANDE B','ADI','OKHA','18:10:00','00:40:00','Scheduled',222),(22928,'LOKSHAKTI EXP','ADI','BDTS','20:45:00','05:25:00','Scheduled',627),(22931,'BDTS JSM SFAST','ADI','JSM','19:35:00','09:30:00','Scheduled',216),(22932,'JSM BDTS SF EXP','JSM','BDTS','07:10:00','14:55:00','Scheduled',632),(22934,'JP BDTS SF EXP','JP','BDTS','13:10:00','06:30:00','Scheduled',634),(22935,'BDTS PIT SFAST','ADI','PIT','00:35:00','06:00:00','Scheduled',211),(22936,'PIT BDTS SFAST','ADI','ST','02:05:00','05:25:00','Scheduled',240),(22937,'RAJKOT REWA SF','ADI','ST','18:30:00','22:37:00','Scheduled',205),(22938,'REWA RJT SUP EXP','ADI','RJT','17:55:00','22:20:00','Scheduled',236),(22939,'OKHA BSP SF EXP','ADI','ST','04:10:00','07:51:00','Scheduled',250),(22940,'BSP OKHA SF EXP','ADI','OKHA','09:40:00','18:50:00','Scheduled',230),(22945,'SAURASHTRA MAIL','ADI','OKHA','05:10:00','14:55:00','Scheduled',209),(22946,'SAURASHTRA MAIL','OKHA','MMCT','20:30:00','04:55:00','Scheduled',646),(22949,'BDTS DEE SFAST','ADI','DEC','19:35:00','11:03:00','Scheduled',266),(22950,'BDTS SF EXPRESS','DEE','BDTS','07:45:00','15:15:00','Scheduled',650),(22951,'BDTS GIMB SFAST','ADI','GIMB','22:45:00','05:55:00','Scheduled',208),(22952,'GIMB BDTS SFAST','ADI','ST','04:10:00','07:51:00','Scheduled',276),(22954,'GUJARAT SF EXP','ADI','MMCT','07:10:00','16:00:00','Scheduled',654),(22955,'KUTCH EXPRESS','ADI','BHUJ','01:45:00','08:30:00','Scheduled',290),(22956,'KUTCH EXPRESS','BHUJ','BDTS','02:55:00','11:45:00','Scheduled',656),(22959,'INTERCITY EXP','ADI','JAM','17:40:00','23:35:00','Scheduled',290),(22960,'INTERCITY EXP','ADI','BRC','10:40:00','12:30:00','Scheduled',298),(22963,'BDTS BVC SFAST','ADI','BVC','00:35:00','05:45:00','Scheduled',208),(22964,'BVC BDTS SFAST','ADI','ST','23:15:00','03:12:00','Scheduled',275),(22965,'BDTS BGKT EXP','ADI','BGKT','07:35:00','15:50:00','Scheduled',262),(22966,'BGKT BDTS EXP','BGKT','BDTS','03:20:00','11:15:00','Scheduled',666),(22967,'ADI PRYJ SFAST','ADI','ST','16:35:00','19:53:00','Scheduled',260),(22969,'OKHA BSBS SF EXP','ADI','BSBS','23:15:00','02:00:00','Scheduled',280),(22970,'BSBS OKHA SF EXP','ADI','OKHA','22:45:00','07:45:00','Scheduled',246),(22973,'GIMB PURI SUP','ADI','ST','18:55:00','22:50:00','Scheduled',262),(22974,'PURI GIMB S F','ADI','GIMB','00:35:00','05:55:00','Scheduled',251),(22989,'BDTS MHV EXP','ADI','MHV','00:35:00','07:00:00','Scheduled',277),(22990,'MHV BDTS EXP','MHV','BDTS','02:05:00','09:30:00','Scheduled',690),(22995,'MANDORE EXPRESS','DLI','JU','21:50:00','02:20:00','Scheduled',695),(22996,'MANDORE EXPRESS','JU','DLI','05:55:00','06:45:00','Scheduled',696),(25014,'CORBET PRK LINK','RMR','JSM','04:30:00','10:00:00','Scheduled',214),(40900,'MSB-CGL-AJJ-MSB CIRCULAR','MSB','MSB','09:20:00','09:23:00','Scheduled',600),(41011,'MSB-VLCY','MSB','VLCY','06:10:00','06:13:00','Scheduled',211),(41019,'MSB-VLCY','MSB','VLCY','07:15:00','07:18:00','Scheduled',219),(41069,'MSB-VLCY','MSB','VLCY','12:45:00','12:48:00','Scheduled',269),(41077,'MSB-VLCY','MSB','VLCY','14:05:00','14:08:00','Scheduled',277),(41109,'MSB-VLCY','MSB','VLCY','18:15:00','18:18:00','Scheduled',309),(41135,'MSB-VLCY','MSB','VLCY','21:40:00','21:41:00','Scheduled',335),(66041,'MSB CGL MSB CIRCULAR','MSB','MSF','10:30:00','16:30:00','Scheduled',241),(82653,'YPR JP EXP','YPR','JP','11:30:00','12:00:00','Scheduled',353),(82654,'JP YPR SF EXP','JP','YPR','15:45:00','16:50:00','Scheduled',354),(82902,'IRCTC TEJAS EXP','ADI','MMCT','06:40:00','13:05:00','Scheduled',602);
/*!40000 ALTER TABLE `Train` ENABLE KEYS */;
UNLOCK TABLES;

--
-- Table structure for table `Traveller`
--

DROP TABLE IF EXISTS `Traveller`;
/*!40101 SET @saved_cs_client     = @@character_set_client */;
/*!50503 SET character_set_client = utf8mb4 */;
CREATE TABLE `Traveller` (
  `traveller_id` int NOT NULL AUTO_INCREMENT,
  `traveller_name` varchar(255) DEFAULT NULL,
  `traveller_email` varchar(255) DEFAULT NULL,
  `traveller_phone` varchar(20) DEFAULT NULL,
  `traveller_age` int DEFAULT NULL,
  `passenger_id` int NOT NULL,
  PRIMARY KEY (`traveller_id`,`passenger_id`),
  KEY `passenger_id` (`passenger_id`),
  CONSTRAINT `Traveller_ibfk_1` FOREIGN KEY (`passenger_id`) REFERENCES `Passenger` (`passenger_id`)
) ENGINE=InnoDB AUTO_INCREMENT=27 DEFAULT CHARSET=utf8mb4 COLLATE=utf8mb4_0900_ai_ci;
/*!40101 SET character_set_client = @saved_cs_client */;

--
-- Dumping data for table `Traveller`
--

LOCK TABLES `Traveller` WRITE;
/*!40000 ALTER TABLE `Traveller` DISABLE KEYS */;
INSERT INTO `Traveller` VALUES (13,'Sitaraman S','sitaraman@abc.com','9810705237',21,1),(14,'Sakshi','sakshi@abc.com','9999999999',20,1),(15,'Pratham','pratham@abc.com','8888888888',20,1),(16,'Sitaraman S','sitaraman@abc.com','9810705237',21,1),(17,'Sakshi','sakshi@abc.com','9999999999',20,1),(18,'Pratham','pratham@abc.com','8888888888',20,1),(19,'Sitaraman S','sitaraman@abc.com','9810705237',21,1),(20,'Ansh','ansh@abc.com','9191919191',21,1),(21,'Ansh','ansh@abc.com','9191919191',21,1),(22,'Sitaraman','sitaraman@abc.com','9810705237',22,1),(23,'Sitaraman S','sitaraman@abc.com','9810705237',21,1),(24,'Pratham','pratham@abc.com','9191919191',22,1),(25,'Sakshi','sakshi@abc.com','9810701111',19,1),(26,'Shaurya','shaurya@gmail.com','8888888888',21,1);
/*!40000 ALTER TABLE `Traveller` ENABLE KEYS */;
UNLOCK TABLES;

--
-- Table structure for table `TravellerTickets`
--

DROP TABLE IF EXISTS `TravellerTickets`;
/*!40101 SET @saved_cs_client     = @@character_set_client */;
/*!50503 SET character_set_client = utf8mb4 */;
CREATE TABLE `TravellerTickets` (
  `ticket_id` int NOT NULL,
  `traveller_id` int NOT NULL,
  `seat_id` int DEFAULT NULL,
  `food_preference` varchar(40) DEFAULT NULL,
  PRIMARY KEY (`ticket_id`,`traveller_id`),
  KEY `traveller_id` (`traveller_id`),
  KEY `seat_id` (`seat_id`),
  CONSTRAINT `TravellerTickets_ibfk_1` FOREIGN KEY (`ticket_id`) REFERENCES `Ticket` (`ticket_id`),
  CONSTRAINT `TravellerTickets_ibfk_2` FOREIGN KEY (`traveller_id`) REFERENCES `Traveller` (`traveller_id`),
  CONSTRAINT `TravellerTickets_ibfk_3` FOREIGN KEY (`seat_id`) REFERENCES `Seat` (`seat_id`)
) ENGINE=InnoDB DEFAULT CHARSET=utf8mb4 COLLATE=utf8mb4_0900_ai_ci;
/*!40101 SET character_set_client = @saved_cs_client */;

--
-- Dumping data for table `TravellerTickets`
--

LOCK TABLES `TravellerTickets` WRITE;
/*!40000 ALTER TABLE `TravellerTickets` DISABLE KEYS */;
INSERT INTO `TravellerTickets` VALUES (7,13,14,'vegetarian'),(7,14,13,'vegetarian'),(7,15,14,'vegetarian'),(8,16,14,'vegetarian'),(8,17,13,'vegetarian'),(8,18,14,'vegetarian'),(9,19,13,'vegetarian'),(10,20,16,'non-vegetarian'),(11,21,16,'non-vegetarian'),(12,22,18,'vegetarian'),(13,23,20,'vegetarian'),(13,24,19,'non-vegetarian'),(14,25,22,'vegan'),(15,26,24,'vegan');
/*!40000 ALTER TABLE `TravellerTickets` ENABLE KEYS */;
UNLOCK TABLES;
/*!40103 SET TIME_ZONE=@OLD_TIME_ZONE */;

/*!40101 SET SQL_MODE=@OLD_SQL_MODE */;
/*!40014 SET FOREIGN_KEY_CHECKS=@OLD_FOREIGN_KEY_CHECKS */;
/*!40014 SET UNIQUE_CHECKS=@OLD_UNIQUE_CHECKS */;
/*!40101 SET CHARACTER_SET_CLIENT=@OLD_CHARACTER_SET_CLIENT */;
/*!40101 SET CHARACTER_SET_RESULTS=@OLD_CHARACTER_SET_RESULTS */;
/*!40101 SET COLLATION_CONNECTION=@OLD_COLLATION_CONNECTION */;
/*!40111 SET SQL_NOTES=@OLD_SQL_NOTES */;

-- Dump completed on 2024-04-24 10:16:55
